,location,food,price,time,vegan,vegetarian,gluten,dairy,eggs,0,1,2,3,4,5,6,7,8,9,10,11,12,13,14,15,16,17,18,19,20,21,22,23,24,25,26,27,28,29,30,31,32,33,34,35,36,37,38,39,40,41,42,43,44,45,46,47,48,49,50,51,52,53,54,55,56,57,58,59,60,61,62,63,64,65,66,67,68,69,70,71,72,73,74,75,76,77,78,79,80,81,82,83,84,85,86,87,88,89,90
,Davis Cafe,Southern Egg & Cheese Bagel,4.69,B,N,Y,N,Y,Y,enriched wheat flour (wheat flour,malted barley flour,niacin,reduced iron,thiamine mononitrate,riboflavin,folic acid),water,salt,sugar,yeast,fermented rye flour,yellow cornmeal,wheat gluten,calcium propionate (preservative),modified cornstarch,enzymes (dough conditioner),sesame flour,bacon cured with water,natural smoke flavor,sodium phosphate,sodium erythorbate,sodium nitrite,egg,milk,cream,sodium citrate,cheese culture,sorbic acid (preservative),citric acid,enzymes,soy lecithin,color added,,,,,,,,,,,,,,,,,,,,,,,,,,,,,,,,,,,,,,,,,,,,,,,,,,,,,,,,,,,
,Davis Cafe,Southern Egg & Cheese Biscuit,4.69,B,Y,N,N,Y,Y,unbleached wheat flour,cultured buttermilk (skim milk,nonfat dry milk,cultures added),water,butter (sweet cream,natural flavor),palm oil,contains less than 2%: baking soda,salt,sugar,sodium acid pyrophosphate,sodium aluminum phosphate,monocalcium phosphate,soybean oil,wheat starch,natural flavor,egg,milk,cream,sodium citrate,cheese culture,sorbic acid (preservative),citric acid,enzymes,soy lecithin,color added,,,,,,,,,,,,,,,,,,,,,,,,,,,,,,,,,,,,,,,,,,,,,,,,,,,,,,,,,,,,,,,,,
,Davis Cafe,Southern Bacon & Egg Bagel,4.69,B,N,N,N,Y,Y,enriched wheat flour (wheat flour,malted barley flour,niacin,reduced iron,thiamine mononitrate,riboflavin,folic acid),water,salt,sugar,yeast,fermented rye flour,yellow cornmeal,wheat gluten,calcium propionate (preservative),modified cornstarch,enzymes (dough conditioner),sesame flour,bacon cured with water,natural smoke flavor,sodium phosphate,sodium erythorbate,sodium nitrite,egg,,,,,,,,,,,,,,,,,,,,,,,,,,,,,,,,,,,,,,,,,,,,,,,,,,,,,,,,,,,,,,,,,,,,
,Davis Cafe,Southern Bacon & Egg Biscuit,4.69,B,N,N,N,Y,Y,unbleached wheat flour,cultured buttermilk (skim milk,nonfat dry milk,cultures added),water,butter (sweet cream,natural flavor),palm oil,contains less than 2%: baking soda,salt,sugar,sodium acid pyrophosphate,sodium aluminum phosphate,monocalcium phosphate,soybean oil,wheat starch,natural flavor,bacon cured with water,natural smoke flavor,sodium phosphate,sodium erythorbate,sodium nitrite,egg,,,,,,,,,,,,,,,,,,,,,,,,,,,,,,,,,,,,,,,,,,,,,,,,,,,,,,,,,,,,,,,,,,,,,
,Davis Cafe,Southern Bacon & Egg & Cheese Bagel,4.69,B,N,N,N,Y,Y,enriched wheat flour (wheat flour,malted barley flour,niacin,reduced iron,thiamine mononitrate,riboflavin,folic acid),water,salt,sugar,yeast,fermented rye flour,yellow cornmeal,wheat gluten,calcium propionate (preservative),modified cornstarch,enzymes (dough conditioner),sesame flour,bacon cured with water,natural smoke flavor,sodium phosphate,sodium erythorbate,sodium nitrite,egg,milk,cream,sodium citrate,cheese culture,sorbic acid (preservative),citric acid,enzymes,soy lecithin,color added,,,,,,,,,,,,,,,,,,,,,,,,,,,,,,,,,,,,,,,,,,,,,,,,,,,,,,,,,,,
,Davis Cafe,Southern Bacon & Egg & Cheese Biscuit,4.69,B,N,N,N,Y,Y,unbleached wheat flour,cultured buttermilk (skim milk,nonfat dry milk,cultures added),water,butter (sweet cream,natural flavor),palm oil,contains less than 2%: baking soda,salt,sugar,sodium acid pyrophosphate,sodium aluminum phosphate,monocalcium phosphate,soybean oil,wheat starch,natural flavor,bacon cured with water,natural smoke flavor,sodium phosphate,sodium erythorbate,sodium nitrite,egg,milk,cream,sodium citrate,cheese culture,sorbic acid (preservative),citric acid,enzymes,soy lecithin,color added,,,,,,,,,,,,,,,,,,,,,,,,,,,,,,,,,,,,,,,,,,,,,,,,,,,,,,,,,,,,
,Davis Cafe,Southern Sausage & Egg & Cheese Bagel,4.69,B,N,N,N,Y,Y,enriched wheat flour (wheat flour,malted barley flour,niacin,reduced iron,thiamine mononitrate,riboflavin,folic acid),water,salt,sugar,yeast,fermented rye flour,yellow cornmeal,wheat gluten,calcium propionate (preservative),modified cornstarch,enzymes (dough conditioner),sesame flour,egg,milk,cream,sodium citrate,cheese culture,sorbic acid (preservative),citric acid,enzymes,soy lecithin,color added,pork,contains 2% or less of: salt,spices,sodium phosphate,monosodium glutamate,caramel color,,,,,,,,,,,,,,,,,,,,,,,,,,,,,,,,,,,,,,,,,,,,,,,,,,,,,,,,,,
,Davis Cafe,Southern Sausage & Egg & Cheese Biscuit,4.69,B,N,N,N,Y,Y,unbleached wheat flour,cultured buttermilk (skim milk,nonfat dry milk,cultures added),water,butter (sweet cream,natural flavor),palm oil,contains less than 2%: baking soda,salt,sugar,sodium acid pyrophosphate,sodium aluminum phosphate,monocalcium phosphate,soybean oil,wheat starch,natural flavor,egg,milk,cream,sodium citrate,cheese culture,sorbic acid (preservative),citric acid,enzymes,soy lecithin,color added,pork,contains 2% or less of: salt,spices,sodium phosphate,monosodium glutamate,caramel color,,,,,,,,,,,,,,,,,,,,,,,,,,,,,,,,,,,,,,,,,,,,,,,,,,,,,,,,,,,
,Davis Cafe,Southern Turkey Sausage & Egg & Cheese Bagel,4.69,B,N,N,N,Y,Y,enriched wheat flour (wheat flour,malted barley flour,niacin,reduced iron,thiamine mononitrate,riboflavin,folic acid),water,salt,sugar,yeast,fermented rye flour,yellow cornmeal,wheat gluten,calcium propionate (preservative),modified cornstarch,enzymes (dough conditioner),sesame flour,egg,milk,cream,sodium citrate,cheese culture,sorbic acid (preservative),citric acid,enzymes,soy lecithin,color added,precooked tky sausage 1.5 oz: ingredients: turkey,contains 2 or less seasoning salt,spices,dextrose,natural flavor,bha,,,,,,,,,,,,,,,,,,,,,,,,,,,,,,,,,,,,,,,,,,,,,,,,,,,,,,,,,,
,Davis Cafe,Southern Turkey Sausage & Egg & Cheese Biscuit,4.69,B,N,N,N,Y,Y,unbleached wheat flour,cultured buttermilk (skim milk,nonfat dry milk,cultures added),water,butter (sweet cream,natural flavor),palm oil,contains less than 2%: baking soda,salt,sugar,sodium acid pyrophosphate,sodium aluminum phosphate,monocalcium phosphate,soybean oil,wheat starch,natural flavor,egg,milk,cream,sodium citrate,cheese culture,sorbic acid (preservative),citric acid,enzymes,soy lecithin,color added,precooked tky sausage 1.5 oz: ingredients: turkey,contains 2 or less seasoning salt,spices,dextrose,bha,bht,,,,,,,,,,,,,,,,,,,,,,,,,,,,,,,,,,,,,,,,,,,,,,,,,,,,,,,,,,,
,Davis Cafe,Ultimate Bacon & Egg Bagel,5.89,B,N,N,N,Y,Y,enriched wheat flour (wheat flour,malted barley flour,niacin,reduced iron,thiamine mononitrate,riboflavin,folic acid),water,salt,sugar,yeast,fermented rye flour,yellow cornmeal,wheat gluten,calcium propionate (preservative),modified cornstarch,enzymes (dough conditioner),sesame flour,bacon cured with water,natural smoke flavor,sodium phosphate,sodium erythorbate,sodium nitrite,egg,,,,,,,,,,,,,,,,,,,,,,,,,,,,,,,,,,,,,,,,,,,,,,,,,,,,,,,,,,,,,,,,,,,,
,Davis Cafe,Ultimate Bacon & Egg Biscuit,5.89,B,N,N,N,Y,Y,unbleached wheat flour,cultured buttermilk (skim milk,nonfat dry milk,cultures added),water,butter (sweet cream,natural flavor),palm oil,contains less than 2%: baking soda,salt,sugar,sodium acid pyrophosphate,sodium aluminum phosphate,monocalcium phosphate,soybean oil,wheat starch,natural flavor,bacon cured with water,natural smoke flavor,sodium phosphate,sodium erythorbate,sodium nitrite,egg,,,,,,,,,,,,,,,,,,,,,,,,,,,,,,,,,,,,,,,,,,,,,,,,,,,,,,,,,,,,,,,,,,,,,
,Davis Cafe,Ultimate Egg & Cheese Bagel,5.89,B,N,Y,N,Y,Y,enriched wheat flour (wheat flour,malted barley flour,niacin,reduced iron,thiamine mononitrate,riboflavin,folic acid),water,salt,sugar,yeast,fermented rye flour,yellow cornmeal,wheat gluten,calcium propionate (preservative),modified cornstarch,enzymes (dough conditioner),sesame flour,egg,milk,cream,sodium citrate,cheese culture,sorbic acid (preservative),citric acid,enzymes,soy lecithin,color added,,,,,,,,,,,,,,,,,,,,,,,,,,,,,,,,,,,,,,,,,,,,,,,,,,,,,,,,,,,,,,,,
,Davis Cafe,Ultimate Egg & Cheese Biscuit,5.89,B,N,Y,N,Y,Y,unbleached wheat flour,cultured buttermilk (skim milk,nonfat dry milk,cultures added),water,butter (sweet cream,natural flavor),palm oil,contains less than 2%: baking soda,salt,sugar,sodium acid pyrophosphate,sodium aluminum phosphate,monocalcium phosphate,soybean oil,wheat starch,natural flavor,egg,milk,cream,sodium citrate,cheese culture,sorbic acid (preservative),citric acid,enzymes,soy lecithin,color added,,,,,,,,,,,,,,,,,,,,,,,,,,,,,,,,,,,,,,,,,,,,,,,,,,,,,,,,,,,,,,,,,
,Davis Cafe,Ultimate Bacon & Egg & Cheese Bagel,5.89,B,N,N,N,Y,Y,enriched wheat flour (wheat flour,malted barley flour,niacin,reduced iron,thiamine mononitrate,riboflavin,folic acid),water,salt,sugar,yeast,fermented rye flour,yellow cornmeal,wheat gluten,calcium propionate (preservative),modified cornstarch,enzymes (dough conditioner),sesame flour,bacon cured with water,natural smoke flavor,sodium phosphate,sodium erythorbate,sodium nitrite,egg,milk,cream,sodium citrate,cheese culture,sorbic acid (preservative),citric acid,enzymes,soy lecithin,color added,,,,,,,,,,,,,,,,,,,,,,,,,,,,,,,,,,,,,,,,,,,,,,,,,,,,,,,,,,,
,Davis Cafe,Ultimate Bacon & Cheese Biscuit,5.89,B,N,N,N,Y,Y,unbleached wheat flour,cultured buttermilk (skim milk,nonfat dry milk,cultures added),water,butter (sweet cream,natural flavor),palm oil,contains less than 2%: baking soda,salt,sugar,sodium acid pyrophosphate,sodium aluminum phosphate,monocalcium phosphate,soybean oil,wheat starch,natural flavor,bacon cured with water,natural smoke flavor,sodium phosphate,sodium erythorbate,sodium nitrite,egg,milk,cream,sodium citrate,cheese culture,sorbic acid (preservative),citric acid,enzymes,soy lecithin,color added,,,,,,,,,,,,,,,,,,,,,,,,,,,,,,,,,,,,,,,,,,,,,,,,,,,,,,,,,,,,
,Davis Cafe,Ultimate Turkey Sausage & Egg & Cheese Bagel,5.89,B,N,N,N,Y,Y,enriched wheat flour (wheat flour,malted barley flour,niacin,reduced iron,thiamine mononitrate,riboflavin,folic acid),water,salt,sugar,yeast,fermented rye flour,yellow cornmeal,wheat gluten,calcium propionate (preservative),modified cornstarch,enzymes (dough conditioner),sesame flour,egg,milk,cream,sodium citrate,cheese culture,sorbic acid (preservative),citric acid,enzymes,soy lecithin,color added,precooked tky sausage 1.5 oz: ingredients: turkey,contains 2 or less seasoning salt,spices,dextrose,natural flavor,bha,,,,,,,,,,,,,,,,,,,,,,,,,,,,,,,,,,,,,,,,,,,,,,,,,,,,,,,,,,
,Davis Cafe,Ultimate Turkey Sausage & Egg & Cheese Biscuit,5.89,B,N,N,N,Y,Y,unbleached wheat flour,cultured buttermilk (skim milk,nonfat dry milk,cultures added),water,butter (sweet cream,natural flavor),palm oil,contains less than 2%: baking soda,salt,sugar,sodium acid pyrophosphate,sodium aluminum phosphate,monocalcium phosphate,soybean oil,wheat starch,natural flavor,egg,milk,cream,sodium citrate,cheese culture,sorbic acid (preservative),citric acid,enzymes,soy lecithin,color added,precooked tky sausage 1.5 oz: ingredients: turkey,contains 2 or less seasoning salt,spices,dextrose,bha,bht,,,,,,,,,,,,,,,,,,,,,,,,,,,,,,,,,,,,,,,,,,,,,,,,,,,,,,,,,,,
,Davis Cafe,Plain Bagel,2.49,B,Y,Y,Y,T,T,enriched wheat flour (wheat flour,malted barley flour,niacin,reduced iron,thiamine mononitrate,riboflavin,folic acid),water,salt,sugar,yeast,fermented rye flour,yellow cornmeal,wheat gluten,calcium propionate (preservative),modified cornstarch,enzymes (dough conditioner),sesame flour,,,,,,,,,,,,,,,,,,,,,,,,,,,,,,,,,,,,,,,,,,,,,,,,,,,,,,,,,,,,,,,,,,,,,,,,,,
,Davis Cafe,Plain Buttermilk Biscuit,2.49,B,N,N,N,Y,T,unbleached wheat flour,cultured buttermilk (skim milk,nonfat dry milk,cultures added),water,butter (sweet cream,natural flavor),palm oil,contains less than 2%: baking soda,salt,sugar,sodium acid pyrophosphate,sodium aluminum phosphate,monocalcium phosphate,soybean oil,wheat starch,natural flavor,,,,,,,,,,,,,,,,,,,,,,,,,,,,,,,,,,,,,,,,,,,,,,,,,,,,,,,,,,,,,,,,,,,,,,,,,,,
,Davis Cafe,French Toast Sticks,3.89,B,Y,Y,N,N,N, bread enriched wheat flour [wheat flour,malted barley flour,niacin,reduced iron,thiamine mononitrate,riboflavin,folic acid],water,sugar,yeast,yellow corn flour,salt,soybean oil,wheat gluten,grain vinegar,glyceryl monooleate,soy lecithin,turmeric [color],paprika extract [color],polysorbate 60,polysorbate 80,ascorbic acid,enzymes,cultured wheat flour,enriched bleached wheat flour wheat flour,folic acid,enriched wheat flour wheat flour,,,,,,,,,,,,,,,,,,,,,,,,,,,,,,,,,,,,,,,,,,,,,,,,,,,,,,,,,,,,,,,,,
,Davis Cafe,Waffle Sticks,3.89,B,N,N,N,Y,Y,enriched wheat flour (bleached wheat flour,niacin,reduced iron,thiamine mononitrate,riboflavin,folic acid),water,sugar,soybean and/or canola oil,eggs,less than 2% of: leavening (sodium bicarbonate,sodium aluminum phosphate,monocalcium phosphate),nonfat milk,salt,soy lecithin,beta carotene (color),natural flavor,,,,,,,,,,,,,,,,,,,,,,,,,,,,,,,,,,,,,,,,,,,,,,,,,,,,,,,,,,,,,,,,,,,,,,,,,,
,Davis Cafe,Southside Flatbread,11.39,L;D,N,N,C,Y,Y,enriched wheat flour wheat flour,niacin,reduced iron,ascorbic acid added as dough conditioner,thiamine mononitrate,riboflavin,enzyme,folic acid,water,soybean and/or canola oil,cultured wheat flour,salt,sugar,dried sourdough wheat flour,rye flour,yeast,ascorbic acid,amylase,xylanase,vegetable mono- and diglycerides,inactive yeast,extra virgin olive oil,durum wheat semolina,diced chicken,bacon,shredded mozzarella cheese,cheddar cheese,diced tomatoes,arugula,and chipotle sauce,tomato puree water,tomato paste,soybean oil,distilled vinegar,,,,,,,,,,,,,,,,,,,,,,,,,,,,,,,,,,,,,,,,,,,,,,,,,,,,,,,,,,
,Davis Cafe,Buffalo Flatbread,11.39,L;D,N,N,C,Y,T,enriched wheat flour wheat flour,niacin,reduced iron,ascorbic acid added as dough conditioner,thiamine mononitrate,riboflavin,enzyme,folic acid,water,soybean and/or canola oil,cultured wheat flour,salt,sugar,dried sourdough wheat flour,rye flour,yeast,ascorbic acid,amylase,xylanase,vegetable mono- and diglycerides,inactive yeast,extra virgin olive oil,durum wheat semolina,diced chicken,buffalo sauce,shredded mozzarella, blue cheese (pasteurized milk,cheese cultures,enzymes,penicillium roqueforti),powdered cellulose (to prevent caking),natamycin (a natural mold inhibitor),green onion chives,ranch dressing,distilled vinegar,aged cayenne red peppers,,,,,,,,,,,,,,,,,,,,,,,,,,,,,,,,,,,,,,,,,,,,,,,,,,,,,,,,
,Davis Cafe,Simply Pepperoni Flatbread,11.39,L;D,N,N,C,Y,T,enriched wheat flour wheat flour,niacin,reduced iron,ascorbic acid added as dough conditioner,thiamine mononitrate,riboflavin,enzyme,folic acid,water,soybean and/or canola oil,cultured wheat flour,salt,sugar,dried sourdough wheat flour,rye flour,yeast,ascorbic acid,amylase,xylanase,vegetable mono- and diglycerides,inactive yeast,extra virgin olive oil,durum wheat semolina,pizza sauce,mozzarella cheese,ground chicken,beef,spices,dextrose,lactic acid starter culture,oleoresin of paprika,sodium ascorbate,flavoring,sodium nitrite,bha,bht,,,,,,,,,,,,,,,,,,,,,,,,,,,,,,,,,,,,,,,,,,,,,,,,,,,,,,,,
,Davis Cafe,Margherita Flatbread,11.39,L;D,N,Y,C,Y,T,enriched wheat flour wheat flour,niacin,reduced iron,ascorbic acid added as dough conditioner,thiamine mononitrate,riboflavin,enzyme,folic acid,water,soybean and/or canola oil,cultured wheat flour,salt,sugar,dried sourdough wheat flour,rye flour,yeast,ascorbic acid,amylase,xylanase,vegetable mono- and diglycerides,inactive yeast,extra virgin olive oil,durum wheat semolina,pizza sauce,mozzarella cheese,basil,and arugula,tomatoes,sea salt,dried leaf basil,pasteurized milk,vinegar,enzymes,,,,,,,,,,,,,,,,,,,,,,,,,,,,,,,,,,,,,,,,,,,,,,,,,,,,,,,,,,,
,Davis Cafe,Beef Barley Soup,NULL,L;D,N,N,N,N,N,water,tomato puree (water,tomato paste),beef stock,potatoes,seasoned beef product (beef,modified cornstarch,salt,sodium phosphate),carrots,green beans,celery,diced tomatoes in tomato juice,barley,corn,peas,onions,modified food starch,sugar,beef fat,yeast extract,bleached enriched flour (wheat flour,wheat starch,niacin,ferrous sulfate,thiamine mononitrate,riboflavin,folic acid),maltodextrin,potato starch,flavoring,hydrolyzed protein (soy,wheat),burgundy wine,spices,caramel color,,,,,,,,,,,,,,,,,,,,,,,,,,,,,,,,,,,,,,,,,,,,,,,,,,,,,,,,
,Davis Cafe,Beef Chilli with Beans,NULL,L;D,N,N,N,N,N,tomato puree (water,tomato paste),water,beef crumbles (beef,salt,spice extract),cooked kidney beans,seasoned beef (beef,beef stock,salt),diced tomatoes in tomato juice,onions,celery,green peppers,contains less than 2% of: modified food starch,spices,sugar,paprika,dehydrated garlic,yeast extract,,,,,,,,,,,,,,,,,,,,,,,,,,,,,,,,,,,,,,,,,,,,,,,,,,,,,,,,,,,,,,,,,,,,,,,,
,Davis Cafe,Broccoli Cheese Soup,NULL,L;D,N,N,Y,Y,N,water,skim milk,broccoli,cheddar cheese (milk,cultures,salt,enzymes),vegetable oil (corn and/or canola),cream,contains less than 2% of: modified food starch,bleached enriched flour (wheat flour,wheat starch,niacin,ferrous sulfate,thiamine mononitrate,riboflavin,folic acid),gelatin,soy protein concentrate,dehydrated onions,cheddar cheese flavor base (cheddar cheese [milk,enzymes],disodium phosphate),yeast extract,sugar,disodium inosinate,disodium guanylate,spice,beta carotene,flavoring,butter (cream,annatto),dehydrated cream (cream,soy lecithin),,,,,,,,,,,,,,,,,,,,,,,,,,,,,,,,,,,,,,,,,,,,,,,,,,,,,,,,,,
,Davis Cafe,Chicken Noodle Soup,NULL,L;D,N,N,Y,Y,Y,water,chicken stock,chicken meat,celery,enriched egg noodles (wheat flour,eggs,egg whites,niacin,ferrous sulfate,thiamine mononitrate,riboflavin,folic acid),carrots,contains less than 2% of: onions,modified food starch,bleached enriched flour (wheat flour,wheat starch,salt,yeast extract,gelatin,chicken fat,chicken meat including chicken juices,sugar,maltodextrin,dehydrated whey (milk),soy protein concentrate,flavoring,turmeric,sodium phosphate,spices,beta carotene,dehydrated chicken,,,,,,,,,,,,,,,,,,,,,,,,,,,,,,,,,,,,,,,,,,,,,,,,,,,,,,,,,,,,
,Davis Cafe,Vegetable Soup,NULL,L;D,N,N,Y,N,N,carrots,diced tomatoes in tomato juice,tomato puree (water,tomato paste),water,potatoes,cabbage,corn,zucchini,beef stock,celery,peas,green beans,bleached enriched flour (wheat flour,wheat starch,niacin,ferrous sulfate,thiamine mononitrate,riboflavin,folic acid),contains less than 2% of: salt,red peppers,yeast extract,barley,sugar,onions,modified food starch,beef fat,maltodextrin,spices,flavoring,dehydrated garlic,dehydrated beef,caramel color,dehydrated beef stock,,,,,,,,,,,,,,,,,,,,,,,,,,,,,,,,,,,,,,,,,,,,,,,,,,,,,,,,,
,Davis Cafe,White Chicken Chilli,NULL,L;D,N,N,N,Y,N,chicken meat,chicken stock,white beans,onions,sour cream cultured light cream,nonfat milk,enzymes,green peppers,celery,chicken fat,rice flour,sea salt,garlic,spices,garlic chili pepper sauce red chili,water,sugar,vinegar,salt,cilantro,cocoa powder,,,,,,,,,,,,,,,,,,,,,,,,,,,,,,,,,,,,,,,,,,,,,,,,,,,,,,,,,,,,,,,,,,,,,,,
,Davis Cafe,Tomato Roasted Red Pepper Bisque,NULL,L;D,N,Y,Y,Y,N,tomato puree (water,tomato paste),cream (milk),roasted red peppers,butter (cream [milk],salt),sugar,onions,contains less than 2% of: canola oil,salt,modified food starch,garlic,spices,smoked paprika,enriched wheat flour (wheat flour,niacin,reduced iron,thiamine mononitrate,riboflavin,folic acid),dehydrated onions,paprika extract for color,flavoring,,,,,,,,,,,,,,,,,,,,,,,,,,,,,,,,,,,,,,,,,,,,,,,,,,,,,,,,,,,,,,,,,,,,,
,Davis Cafe,Chicken Tenders,8.29,L;D,N,N,Y,Y,Y,chicken tenderloins containing up to 10% solution of water,salt,and sodium phosphate. battered with: water,bleached enriched wheat flour (wheat flour,niacin,reduced iron,thiamine mononitrate,riboflavin,folic acid),modified corn starch,leavening (sodium aluminum phosphate,sodium bicarbonate),spices. breaded with: bleached enriched wheat flour (wheat flour,spices,yellow corn flour,dried whey,yellow corn meal. predusted with: bleached enriched wheat flour (wheat flour,dried egg whites,wheat gluten,soybean oil. breading set in soybean oil,,,,,,,,,,,,,,,,,,,,,,,,,,,,,,,,,,,,,,,,,,,,,,,,,,,,,,,,,,,,,,,,,,,,,,,,
,Davis Cafe,French Fries,3.29,L;D,Y,Y,N,N,N,potatoes,vegetable oil may contain one or more of the following: canola oil,sunflower oil,cottonseed oil,palm oil,corn oil,soybean oil,modified food starch,rice flour,dextrin,salt,leavening disodium dihydrogen pyrophosphate,sodium bicarbonate,dextrose,xanthan gum,,,,,,,,,,,,,,,,,,,,,,,,,,,,,,,,,,,,,,,,,,,,,,,,,,,,,,,,,,,,,,,,,,,,,,,,,,,,,
,Davis Cafe,Cajun French Fries,3.29,L;D,Y,Y,N,N,N,potatoes,vegetable oil may contain one or more of the following: canola oil,sunflower oil,cottonseed oil,palm oil,corn oil,soybean oil,modified food starch,rice flour,dextrin,salt,leavening disodium dihydrogen pyrophosphate,sodium bicarbonate,dextrose,xanthan gum,spices,,,,,,,,,,,,,,,,,,,,,,,,,,,,,,,,,,,,,,,,,,,,,,,,,,,,,,,,,,,,,,,,,,,,,,,,,,,,
,Davis Cafe,Sweet Potato French Fries,3.49,L;D,Y,Y,N,N,N,sweet potatoes,vegetable oil contains one or more of the following: high oleic canola,canola,sunflower,sugar,modified food starch corn,tapioca,propylene glycol,rice flour,corn starch,dextrin,salt,natural and artificial flavor,color turmeric,oleoresin paprika,xanthan gum,dextrose,leavening disodium dihydrogen pyrophosphate,sodium bicarbonate,,,,,,,,,,,,,,,,,,,,,,,,,,,,,,,,,,,,,,,,,,,,,,,,,,,,,,,,,,,,,,,,,,,,,,,,,
,Davis Cafe,Tater Tots,NULL,L;D,Y,Y,N,N,N,potatoes,vegetable oil contains one or more of the following oils: canola,soybean,cottonseed,sunflower,corn. contains 2 or less of dextrose,natural flavor,salt,sodium acid pyrophosphate added to maintain natural color,,,,,,,,,,,,,,,,,,,,,,,,,,,,,,,,,,,,,,,,,,,,,,,,,,,,,,,,,,,,,,,,,,,,,,,,,,,,,,,,,,,
,Davis Cafe,Terranean Grain Bowl with Chicken,11.89,L;D,N,N,N,Y,N, grilled chicken breast,mixed greens,tomatoes,black olives,feta cheese crumbles,cucumber,and tzatziki sauce,chicken. may contain up to 4% retained water,greek yogurt [cultured pasteurized grade a cow''''s milk,skim milk,cream,active bacterial cultures (s. thermophilus,l. bulgaricus,l. acidophilus,b. lactis)],contains 2% or less of: lemon juice,garlic puree (garlic,citric acid),purified sea salt,spices,feta cheese (pasteurized milk,salt,cheese cultures,enzymes),potato starch and powdered cellulose (added to prevent caking),natamycin (a natural mold inhibitor),,,,,,,,,,,,,,,,,,,,,,,,,,,,,,,,,,,,,,,,,,,,,,,,,,,,,,,,,,,,,,,,,,
,Davis Cafe,Terranean Grain Bowl with Falafel,11.89,L;D,N,Y,N,Y,N,fried falafel with brown rice and quinoa blend,mixed greens,tomatoes,black olives,feta cheese crumbles,cucumber,and tzatziki sauce,chickpeas,water,yellow onion,parsley,jalapeno pepper,garlic,cilantro,salt,spices,baking soda,vegetable oil canola and/or soybean and/or corn and/or sunflower with tbhq and citric acid as preservatives,greek yogurt [cultured pasteurized grade a cow''''s milk,skim milk,cream,active bacterial cultures (s. thermophilus,l. bulgaricus,l. acidophilus,b. lactis)],contains 2% or less of: lemon juice,garlic puree (garlic,citric acid),purified sea salt,feta cheese (pasteurized milk,cheese cultures,enzymes),potato starch and powdered cellulose (added to prevent caking),natamycin (a natural mold inhibitor),jalapeno peppers,,,,,,,,,,,,,,,,,,,,,,,,,,,,,,,,,,,,,,,,,,,,,,,,,,,,,,,,,
,Davis Cafe,Spicy Grain Bowl with Chicken,11.89,L;D,N,N,N,Y,Y,grilled chicken breast,mixed greens,tomatoes,celery, jalapenos,harissa aioli,blue cheese (pasteurized milk,cheese cultures,salt,enzymes,penicillium roqueforti),powdered cellulose (to prevent caking),natamycin (a natural mold inhibitor),and dressing of choice,chicken. may contain up to 4% retained water,jalapeno peppers,water,vinegar,calcium chloride,sodium benzoate (preservative),sodium metabisulfite (preservative),yellow 5,,,,,,,,,,,,,,,,,,,,,,,,,,,,,,,,,,,,,,,,,,,,,,,,,,,,,,,,,,,,,,,,,,,,,,
,Davis Cafe,Spicy Grain Bowl with Falafel,11.89,L;D,N,Y,N,Y,Y,fried falafel with brown rice and quinoa blend,mixed greens,tomatoes,celery, jalapenos,harissa aioli,blue cheese (pasteurized milk,cheese cultures,salt,enzymes,penicillium roqueforti),powdered cellulose (to prevent caking),natamycin (a natural mold inhibitor),and dressing of choice,chickpeas,water,yellow onion,parsley,jalapeno peppers,vinegar,calcium chloride,sodium benzoate (preservative),sodium metabisulfite (preservative),yellow 5,garlic,cilantro,spices,baking soda,vegetable oil canola and/or soybean and/or corn and/or sunflower with tbhq and citric acid as preservatives,,,,,,,,,,,,,,,,,,,,,,,,,,,,,,,,,,,,,,,,,,,,,,,,,,,,,,,,,,,,,,,
,Davis Cafe,California Grain Bowl with Chicken,11.89,L;D,N,N,N,N,Y,y,grilled chicken breast,mixed greens,mozzarella cheese,red bell pepper,avocado,chickpeas,pesto aioli,and dressing of choice,chicken. may contain up to 4% retained water,pasteurized milk,vinegar,enzymes,salt,,,,,,,,,,,,,,,,,,,,,,,,,,,,,,,,,,,,,,,,,,,,,,,,,,,,,,,,,,,,,,,,,,,,,,,,,,,,,,
,Davis Cafe,California Grain Bowl with Falafel,11.89,L;D,N,Y,N,N,Y,y,fried falafel with brown rice and quinoa blend,mixed greens,mozzarella cheese,red bell pepper,avocado,chickpeas,pesto aioli,and dressing of choice,water,yellow onion,parsley,jalapeno pepper,garlic,cilantro,salt,spices,baking soda,vegetable oil canola and/or soybean and/or corn and/or sunflower with tbhq and citric acid as preservatives,pasteurized milk,vinegar,enzymes,calcium chloride,sodium benzoate (preservative),sodium metabisulfite (preservative),yellow 5,,,,,,,,,,,,,,,,,,,,,,,,,,,,,,,,,,,,,,,,,,,,,,,,,,,,,,,,,,,,,,,,,,
,Davis Cafe,Caesar Salad,9.79,L;D,N,N,N,Y,N,romaine lettuce,grilled chicken breast,parmesan cheese,cherry tomatoes,croutons,and caesar dressing,chicken. may contain up to 4% retained water,,,,,,,,,,,,,,,,,,,,,,,,,,,,,,,,,,,,,,,,,,,,,,,,,,,,,,,,,,,,,,,,,,,,,,,,,,,,,,,,,,,,,
,Davis Cafe,Smash Burger,7.49,L;D,N,N,C,C,C,quarter-pounder w/ lettuce,tomato,onion,cheese,mayonnaise,and ketchup,100% beef,soybean oil,egg yolks,water,distilled and cider vinegar,cornsyrup,salt,high fructose corn syrup,spice,oleoresin paprika,and calcium disodiumedta added to protect flavor,tomato concentrate from red ripe tomatoes,distilled vinegar,corn syrup,onion powder. natural flavoring,milk,cream,sodium citrate,cheese culture,sorbic acid (preservative),citric acid,enzymes,soy lecithin,color added,,,,,,,,,,,,,,,,,,,,,,,,,,,,,,,,,,,,,,,,,,,,,,,,,,,,,,,,,,,,,,
,Davis Cafe,Bacon Smash Burger,8.79,L;D,N,N,C,C,C,quarter-pounder w/ bacon,lettuce,tomato,onion,cheese,mayonnaise,ketchup ,100% beef,bacon cured with water,salt,sugar,natural smoke flavor,sodium phosphate,sodium erythorbate,sodium nitrite,soybean oil,egg yolks,water,distilled and cider vinegar,cornsyrup,high fructose corn syrup,spice,oleoresin paprika,and calcium disodiumedta added to protect flavor,tomato concentrate from red ripe tomatoes,distilled vinegar,corn syrup,onion powder. natural flavoring,milk,cream,sodium citrate,cheese culture,sorbic acid (preservative),,,,,,,,,,,,,,,,,,,,,,,,,,,,,,,,,,,,,,,,,,,,,,,,,,,,,,,,,,,
,Davis Cafe,Smokehouse Smash Burger,8.79,L;D,N,N,C,C,N,quarter-pounder w/ bacon,cheddar cheese,crispy onions,and carolina bbq sauce,100% beef,bacon cured with water,salt,sugar,natural smoke flavor,sodium phosphate,sodium erythorbate,sodium nitrite,pasteurized milk,cheese culture,enzymes,annatto,powdered cellulose (anti caking agent),water,potato starch,tapioca starch,soy flour,brown rice flour,chick pea flour,sunflower oil,glycerin,sea salt,organic cane sugar,powdered cellulose,yeast,xanthan gum,sodium acid pyrophosphate,sodium bicarbonate,,,,,,,,,,,,,,,,,,,,,,,,,,,,,,,,,,,,,,,,,,,,,,,,,,,,,,,,,,,,
,Davis Cafe,Mushroom Swiss Burger,8.79,L;D,N,N,C,C,N,quarter-pounder w/ swiss cheese,lettuce,tomato,onions and mushrooms,100% beef,swiss cheese (pasteurized part-skim milk,cheese culture,salt and enzymes),,,,,,,,,,,,,,,,,,,,,,,,,,,,,,,,,,,,,,,,,,,,,,,,,,,,,,,,,,,,,,,,,,,,,,,,,,,,,,,,,,,,
,Davis Cafe,Spicy Smash Burger,8.29,L;D,N,N,C,C,C,quarter-pounder w/ pepper jack cheese,crispy onions,grilled jalapenos,and chipotle sauce,100% beef,jalapeno peppers,water,vinegar,salt,calcium chloride,sodium benzoate (preservative),sodium metabisulfite (preservative),yellow 5,pasteurized milk,red and green jalapeno peppers,cheese culture,enzymes,tomato puree water,tomato paste,soybean oil,sugar,distilled vinegar,egg yolks,modified corn starch,chipotle chili pepper,buttermilk,ancho chili peppers,garlic powder,spices mustard flour,molasses,sour cream cream,nonfat milk,cultures,garlic,onion powder,lactic acid,,,,,,,,,,,,,,,,,,,,,,,,,,,,,,,,,,,,,,,,,,,,,,,,,,,,,,,,
,Davis Cafe,Chicken Parmesan Sandwich,8.29,L;D,N,N,Y,C,Y,breaded chicken breast w/ mozzarella cheese,basil,and marinara sauce, salt,mustard flour,sodium phosphates,modified corn starch,spices,paprika,chili pepper,flavor gum arabic,spice extractives,soybean oil,extractives of paprika and turmeric,wheat flour,water,salt,cracker meal {wheat flour},pasteurized milk,vinegar,enzymes,diced tomatoes,tomato puree,dehydrated onion,pure olive oil,onion powder,garlic powder,citric acid,,,,,,,,,,,,,,,,,,,,,,,,,,,,,,,,,,,,,,,,,,,,,,,,,,,,,,,,,,,,,,,,
,Davis Cafe,Chicken Tuscon Pesto,NULL,L;D,N,N,C,C,N,grilled chicken breast w/ mozzarella cheese,lettuce,tomato,and pesto sauce,pasteurized milk,vinegar,enzymes,salt,organic basil,organic canola oil,water,organic parmesan cheese (pasteurized organic cows'' milk,cheese cultures,sea salt,enzymes),organic dehydrated garlic,organic guar gum,chicken. may contain up to 4% retained water,,,,,,,,,,,,,,,,,,,,,,,,,,,,,,,,,,,,,,,,,,,,,,,,,,,,,,,,,,,,,,,,,,,,,,,,,,
,Davis Cafe,Sweet Heat Chicken Sandwich,8.79,L;D,N,N,C,C,N,spicy chicken filet w/ pepper jack cheese,lettuce,bread and butter pickles,crispy onions,and hot honey sauce,        pasteurized milk,red and green jalapeno peppers,cheese culture,salt,enzymespasteurized milk,enzymes,onions,vegetable oil soybean and/or canola,bleached wheat flour,yellow corn flour. contains 2 or less of citric acid,dextrose,dried garlic,food starch - modified,guar gum,lactic acid,maltodextrin,natural flavor,onion powder,sorbitol,water,whey,,,,,,,,,,,,,,,,,,,,,,,,,,,,,,,,,,,,,,,,,,,,,,,,,,,,,,,,,,,,,,,,,,
,Davis Cafe,Davis Cafe Club,9.49,L;D,N,N,C,C,C,grilled chicken breast w/ swiss cheese,bacon,lettuce,tomato,and mayonnaise,soybean oil,egg yolks,water,distilled and cider vinegar,cornsyrup,salt,high fructose corn syrup,spice,oleoresin paprika,and calcium disodiumedta added to protect flavor,swiss cheese (pasteurized part-skim milk,cheese culture,salt and enzymes),chicken. may contain up to 4% retained water,bacon cured with water,sugar,natural smoke flavor,sodium phosphate,sodium erythorbate,sodium nitrite,,,,,,,,,,,,,,,,,,,,,,,,,,,,,,,,,,,,,,,,,,,,,,,,,,,,,,,,,,,,,,,,,,,
,Davis Cafe,Black Bean Burger,8.79,L;D,Y,Y,Y,C,C,quarter-pounder black bean burger w/ lettuce,tomato,onion,ketchup,mayonnaise,cheese,water,cooked black beans,expeller pressed canola oil,cooked brown rice,roasted yellow corn,tomato paste,soy protein concentrate,roasted red and green peppers,organic cane sugar,potato starch,modified vegetable gum,sea salt,yeast extract,onion powder,spices,garlic powder,paprika,black bean powder,natural flavors (from plant sources),tomato powder,citric acid,lactic acid,instant coffee,molasses,milk,cream,sodium citrate,salt,cheese culture,sorbic acid (preservative),,,,,,,,,,,,,,,,,,,,,,,,,,,,,,,,,,,,,,,,,,,,,,,,,,,,,,,,
,Davis Cafe,Beyond Meat Burger,9.49,L;D,Y,Y,C,C,C,quarter-pounder beyond beef burger w/ lettuce,tomato,onion,ketchup,mayonnaise,cheese,milk,cream,water,sodium citrate,salt,cheese culture,sorbic acid (preservative),citric acid,enzymes,soy lecithin,color added,soybean oil,egg yolks,distilled and cider vinegar,cornsyrup,high fructose corn syrup,spice,oleoresin paprika,and calcium disodiumedta added to protect flavor,tomato concentrate from red ripe tomatoes,distilled vinegar,corn syrup,onion powder. natural flavoring,pea protein isolate,expeller pressed canola oil,refined coconut oil,yeast extract,,,,,,,,,,,,,,,,,,,,,,,,,,,,,,,,,,,,,,,,,,,,,,,,,,,,,,,,,,,
,Qdoba,Fajita Vegetables Burrito,9.79,L;D,C,C,NULL,NULL,NULL,fajita vegetables,rice,beans,flavorful salsas,sauces,and toppings in a warm tortilla,guacamole,queso,,,,,,,,,,,,,,,,,,,,,,,,,,,,,,,,,,,,,,,,,,,,,,,,,,,,,,,,,,,,,,,,,,,,,,,,,,,,,,,,,,,,
,Qdoba,Grilled Adobo Chicken Burrito,10.49,L;D,N,N,NULL,NULL,NULL,grilled adobo chicken,rice,beans,flavorful salsas,sauces,and toppings in a warm tortilla,guacamole,queso,,,,,,,,,,,,,,,,,,,,,,,,,,,,,,,,,,,,,,,,,,,,,,,,,,,,,,,,,,,,,,,,,,,,,,,,,,,,,,,,,,,,
,Qdoba,Ground Beef Burrito,10.49,L;D,N,N,NULL,NULL,NULL,ground beef,rice,beans,flavorful salsas,sauces,and toppings in a warm tortilla,guacamole,queso,,,,,,,,,,,,,,,,,,,,,,,,,,,,,,,,,,,,,,,,,,,,,,,,,,,,,,,,,,,,,,,,,,,,,,,,,,,,,,,,,,,,
,Qdoba,Grilled Steak Burrito,11.89,L;D,N,N,NULL,NULL,NULL,grilled steak,rice,beans,flavorful salsas,sauces,and toppings in a warm tortilla,guacamole,queso,,,,,,,,,,,,,,,,,,,,,,,,,,,,,,,,,,,,,,,,,,,,,,,,,,,,,,,,,,,,,,,,,,,,,,,,,,,,,,,,,,,,
,Qdoba,Cholula Hot & Sweet Chicken Burrito,10.89,L;D,N,N,NULL,NULL,NULL,cholula hot & sweet chicken,rice,beans,flavorful salsas,sauces,and toppings in a warm tortilla,guacamole,queso,,,,,,,,,,,,,,,,,,,,,,,,,,,,,,,,,,,,,,,,,,,,,,,,,,,,,,,,,,,,,,,,,,,,,,,,,,,,,,,,,,,,
,Qdoba,Pulled Pork Burrito,10.89,L;D,N,N,NULL,NULL,NULL,pulled pork,rice,beans,flavorful salsas,sauces,and toppings in a warm tortilla,guacamole,queso,,,,,,,,,,,,,,,,,,,,,,,,,,,,,,,,,,,,,,,,,,,,,,,,,,,,,,,,,,,,,,,,,,,,,,,,,,,,,,,,,,,,
,Qdoba,Brisket Birria Burrito,11.89,L;D,N,N,NULL,NULL,NULL,brisket birria,rice,beans,flavorful salsas,sauces,and toppings in a warm tortilla,guacamole,queso,,,,,,,,,,,,,,,,,,,,,,,,,,,,,,,,,,,,,,,,,,,,,,,,,,,,,,,,,,,,,,,,,,,,,,,,,,,,,,,,,,,,
,Qdoba,Fajita Vegetables Quesadilla,9.79,L;D,C,C,NULL,NULL,NULL,fajita vegetables,flavorful salsas,sauces and toppings,served in a grilled tortilla,cheese,guacamole,sour cream,,,,,,,,,,,,,,,,,,,,,,,,,,,,,,,,,,,,,,,,,,,,,,,,,,,,,,,,,,,,,,,,,,,,,,,,,,,,,,,,,,,,,
,Qdoba,Grilled Adobo Chicken Quesadilla,10.49,L;D,N,N,NULL,NULL,NULL,grilled adobo chicken,flavorful salsas,sauces and toppings,served in a grilled tortilla,cheese,guacamole,sour cream,,,,,,,,,,,,,,,,,,,,,,,,,,,,,,,,,,,,,,,,,,,,,,,,,,,,,,,,,,,,,,,,,,,,,,,,,,,,,,,,,,,,,
,Qdoba,Ground Beef Quesadilla,10.49,L;D,N,N,NULL,NULL,NULL,ground beef,flavorful salsas,sauces and toppings,served in a grilled tortilla,cheese,guacamole,sour cream,,,,,,,,,,,,,,,,,,,,,,,,,,,,,,,,,,,,,,,,,,,,,,,,,,,,,,,,,,,,,,,,,,,,,,,,,,,,,,,,,,,,,
,Qdoba,Grilled Steak Quesadilla,11.89,L;D,N,N,NULL,NULL,NULL,grilled steak,flavorful salsas,sauces and toppings,served in a grilled tortilla,cheese,guacamole,sour cream,,,,,,,,,,,,,,,,,,,,,,,,,,,,,,,,,,,,,,,,,,,,,,,,,,,,,,,,,,,,,,,,,,,,,,,,,,,,,,,,,,,,,
,Qdoba,Cholula Hot & Sweet Chicken Quesadilla,10.89,L;D,N,N,NULL,NULL,NULL,cholula hot & sweet chicken,flavorful salsas,sauces and toppings,served in a grilled tortilla,cheese,guacamole,sour cream,,,,,,,,,,,,,,,,,,,,,,,,,,,,,,,,,,,,,,,,,,,,,,,,,,,,,,,,,,,,,,,,,,,,,,,,,,,,,,,,,,,,,
,Qdoba,Pulled Pork Quesadilla,10.89,L;D,N,N,NULL,NULL,NULL,pulled pork,flavorful salsas,sauces and toppings,served in a grilled tortilla,cheese,guacamole,sour cream,,,,,,,,,,,,,,,,,,,,,,,,,,,,,,,,,,,,,,,,,,,,,,,,,,,,,,,,,,,,,,,,,,,,,,,,,,,,,,,,,,,,,
,Qdoba,Brisket Birria Quesadilla,11.89,L;D,N,N,NULL,NULL,NULL,brisket birria,flavorful salsas,sauces and toppings,served in a grilled tortilla,cheese,guacamole,sour cream,,,,,,,,,,,,,,,,,,,,,,,,,,,,,,,,,,,,,,,,,,,,,,,,,,,,,,,,,,,,,,,,,,,,,,,,,,,,,,,,,,,,,
,Qdoba,Fajita Vegetables Three-Cheese Nachos,9.79,L;D,C,C,NULL,NULL,NULL,fajita vegetables,freshly made tortilla chips topped with queso,protein,flavorful salsas,sauces,and toppings,chips served on the side to keep them crispy,guacamole,,,,,,,,,,,,,,,,,,,,,,,,,,,,,,,,,,,,,,,,,,,,,,,,,,,,,,,,,,,,,,,,,,,,,,,,,,,,,,,,,,,,
,Qdoba,Grilled Adobo Chicken Three-Cheese Nachos,10.49,L;D,N,N,NULL,NULL,NULL,grilled adobo chicken,freshly made tortilla chips topped with queso,protein,flavorful salsas,sauces,and toppings,chips served on the side to keep them crispy,guacamole,,,,,,,,,,,,,,,,,,,,,,,,,,,,,,,,,,,,,,,,,,,,,,,,,,,,,,,,,,,,,,,,,,,,,,,,,,,,,,,,,,,,
,Qdoba,Ground Beef Three-Cheese Nachos,10.49,L;D,N,N,NULL,NULL,NULL,ground beef,freshly made tortilla chips topped with queso,protein,flavorful salsas,sauces,and toppings,chips served on the side to keep them crispy,guacamole,,,,,,,,,,,,,,,,,,,,,,,,,,,,,,,,,,,,,,,,,,,,,,,,,,,,,,,,,,,,,,,,,,,,,,,,,,,,,,,,,,,,
,Qdoba,Grilled Steak Three-Cheese Nachos,11.89,L;D,N,N,NULL,NULL,NULL,grilled steak,freshly made tortilla chips topped with queso,protein,flavorful salsas,sauces,and toppings,chips served on the side to keep them crispy,guacamole,,,,,,,,,,,,,,,,,,,,,,,,,,,,,,,,,,,,,,,,,,,,,,,,,,,,,,,,,,,,,,,,,,,,,,,,,,,,,,,,,,,,
,Qdoba,Cholula Hot & Sweet Chicken Three-Cheese Nachos,10.89,L;D,N,N,NULL,NULL,NULL,cholula hot & sweet chicken,freshly made tortilla chips topped with queso,protein,flavorful salsas,sauces,and toppings,chips served on the side to keep them crispy,guacamole,,,,,,,,,,,,,,,,,,,,,,,,,,,,,,,,,,,,,,,,,,,,,,,,,,,,,,,,,,,,,,,,,,,,,,,,,,,,,,,,,,,,
,Qdoba,Pulled Pork Three-Cheese Nachos,10.89,L;D,N,N,NULL,NULL,NULL,pulled pork,freshly made tortilla chips topped with queso,protein,flavorful salsas,sauces,and toppings,chips served on the side to keep them crispy,guacamole,,,,,,,,,,,,,,,,,,,,,,,,,,,,,,,,,,,,,,,,,,,,,,,,,,,,,,,,,,,,,,,,,,,,,,,,,,,,,,,,,,,,
,Qdoba,Brisket Birria Three-Cheese Nachos,11.89,L;D,N,N,NULL,NULL,NULL,brisket birria,freshly made tortilla chips topped with queso,protein,flavorful salsas,sauces,and toppings,chips served on the side to keep them crispy,guacamole,,,,,,,,,,,,,,,,,,,,,,,,,,,,,,,,,,,,,,,,,,,,,,,,,,,,,,,,,,,,,,,,,,,,,,,,,,,,,,,,,,,,
,Qdoba,Fajita Vegetables Three Tacos,9.79,L;D,C,C,NULL,NULL,NULL,fajita vegetables,flavorful salsas,sauces and toppings,served in flour or soft corn tortillas,guacamole,queso,,,,,,,,,,,,,,,,,,,,,,,,,,,,,,,,,,,,,,,,,,,,,,,,,,,,,,,,,,,,,,,,,,,,,,,,,,,,,,,,,,,,,,
,Qdoba,Grilled Adobo Chicken Three Tacos,10.49,L;D,N,N,NULL,NULL,NULL,grilled adobo chicken,flavorful salsas,sauces and toppings,served in flour or soft corn tortillas,guacamole,queso,,,,,,,,,,,,,,,,,,,,,,,,,,,,,,,,,,,,,,,,,,,,,,,,,,,,,,,,,,,,,,,,,,,,,,,,,,,,,,,,,,,,,,
,Qdoba,Ground Beef Three Tacos,10.49,L;D,N,N,NULL,NULL,NULL,ground beef,flavorful salsas,sauces and toppings,served in flour or soft corn tortillas,guacamole,queso,,,,,,,,,,,,,,,,,,,,,,,,,,,,,,,,,,,,,,,,,,,,,,,,,,,,,,,,,,,,,,,,,,,,,,,,,,,,,,,,,,,,,,
,Qdoba,Grilled Steak Three Tacos,11.89,L;D,N,N,NULL,NULL,NULL,grilled steak,flavorful salsas,sauces and toppings,served in flour or soft corn tortillas,guacamole,queso,,,,,,,,,,,,,,,,,,,,,,,,,,,,,,,,,,,,,,,,,,,,,,,,,,,,,,,,,,,,,,,,,,,,,,,,,,,,,,,,,,,,,,
,Qdoba,Cholula Hot & Sweet Chicken Three Tacos,10.89,L;D,N,N,NULL,NULL,NULL,cholula hot & sweet chicken,flavorful salsas,sauces and toppings,served in flour or soft corn tortillas,guacamole,queso,,,,,,,,,,,,,,,,,,,,,,,,,,,,,,,,,,,,,,,,,,,,,,,,,,,,,,,,,,,,,,,,,,,,,,,,,,,,,,,,,,,,,,
,Qdoba,Pulled Pork Three Tacos,10.89,L;D,N,N,NULL,NULL,NULL,pulled pork,flavorful salsas,sauces and toppings,served in flour or soft corn tortillas,guacamole,queso,,,,,,,,,,,,,,,,,,,,,,,,,,,,,,,,,,,,,,,,,,,,,,,,,,,,,,,,,,,,,,,,,,,,,,,,,,,,,,,,,,,,,,
,Qdoba,Brisket Birria Three Tacos,11.89,L;D,N,N,NULL,NULL,NULL,brisket birria,flavorful salsas,sauces and toppings,served in flour or soft corn tortillas,guacamole,queso,,,,,,,,,,,,,,,,,,,,,,,,,,,,,,,,,,,,,,,,,,,,,,,,,,,,,,,,,,,,,,,,,,,,,,,,,,,,,,,,,,,,,,
,Qdoba,Fajita Vegetables Bowl,9.79,L;D,C,C,NULL,NULL,NULL,fajita vegetables,rice,beans,flavorful salsas,sauces,and toppings,guacamole,queso,,,,,,,,,,,,,,,,,,,,,,,,,,,,,,,,,,,,,,,,,,,,,,,,,,,,,,,,,,,,,,,,,,,,,,,,,,,,,,,,,,,,
,Qdoba,Grilled Adobo Chicken Bowl,10.49,L;D,N,N,NULL,NULL,NULL,grilled adobo chicken,rice,beans,flavorful salsas,sauces,and toppings,guacamole,queso,,,,,,,,,,,,,,,,,,,,,,,,,,,,,,,,,,,,,,,,,,,,,,,,,,,,,,,,,,,,,,,,,,,,,,,,,,,,,,,,,,,,
,Qdoba,Ground Beef Bowl,10.49,L;D,N,N,NULL,NULL,NULL,ground beef,rice,beans,flavorful salsas,sauces,and toppings,guacamole,queso,,,,,,,,,,,,,,,,,,,,,,,,,,,,,,,,,,,,,,,,,,,,,,,,,,,,,,,,,,,,,,,,,,,,,,,,,,,,,,,,,,,,
,Qdoba,Grilled Steak Bowl,11.89,L;D,N,N,NULL,NULL,NULL,grilled steak,rice,beans,flavorful salsas,sauces,and toppings,guacamole,queso,,,,,,,,,,,,,,,,,,,,,,,,,,,,,,,,,,,,,,,,,,,,,,,,,,,,,,,,,,,,,,,,,,,,,,,,,,,,,,,,,,,,
,Qdoba,Cholula Hot & Sweet Chicken Bowl,10.89,L;D,N,N,NULL,NULL,NULL,cholula hot & sweet chicken,rice,beans,flavorful salsas,sauces,and toppings,guacamole,queso,,,,,,,,,,,,,,,,,,,,,,,,,,,,,,,,,,,,,,,,,,,,,,,,,,,,,,,,,,,,,,,,,,,,,,,,,,,,,,,,,,,,
,Qdoba,Pulled Pork Bowl,10.89,L;D,N,N,NULL,NULL,NULL,pulled pork,rice,beans,flavorful salsas,sauces,and toppings,guacamole,queso,,,,,,,,,,,,,,,,,,,,,,,,,,,,,,,,,,,,,,,,,,,,,,,,,,,,,,,,,,,,,,,,,,,,,,,,,,,,,,,,,,,,
,Qdoba,Brisket Birria Bowl,11.89,L;D,N,N,NULL,NULL,NULL,brisket birria,rice,beans,flavorful salsas,sauces,and toppings,guacamole,queso,,,,,,,,,,,,,,,,,,,,,,,,,,,,,,,,,,,,,,,,,,,,,,,,,,,,,,,,,,,,,,,,,,,,,,,,,,,,,,,,,,,,
,Qdoba,Fountain Drink,4.29,L;D,NULL,NULL,NULL,NULL,NULL,fountain drink,,,,,,,,,,,,,,,,,,,,,,,,,,,,,,,,,,,,,,,,,,,,,,,,,,,,,,,,,,,,,,,,,,,,,,,,,,,,,,,,,,,,,,,,,,,
,Qdoba,Signature Queso & Chips,5.89,L;D,NULL,NULL,NULL,NULL,NULL,your choice of queso served with regular-sized freshly fried tortilla chips seasoned with salt and lime,,,,,,,,,,,,,,,,,,,,,,,,,,,,,,,,,,,,,,,,,,,,,,,,,,,,,,,,,,,,,,,,,,,,,,,,,,,,,,,,,,,,,,,,,,,
,Qdoba,Small HAND-CRAFTED GUAC. & CHIPS,4.89,L;D,NULL,NULL,NULL,NULL,NULL,hand-crafted guacamole made-in-house daily,served with regular-sized freshly fried tortilla chips seasoned with salt and lime,,,,,,,,,,,,,,,,,,,,,,,,,,,,,,,,,,,,,,,,,,,,,,,,,,,,,,,,,,,,,,,,,,,,,,,,,,,,,,,,,,,,,,,,,,
,Qdoba,Large HAND-CRAFTED GUAC. & CHIPS,5.89,L;D,NULL,NULL,NULL,NULL,NULL,hand-crafted guacamole made-in-house daily,served with regular-sized freshly fried tortilla chips seasoned with salt and lime,,,,,,,,,,,,,,,,,,,,,,,,,,,,,,,,,,,,,,,,,,,,,,,,,,,,,,,,,,,,,,,,,,,,,,,,,,,,,,,,,,,,,,,,,,
,Qdoba,Small SALSA & CHIPS,3.89,L;D,NULL,NULL,NULL,NULL,NULL,your choice of salsa served with regular-sized freshly fried tortilla chips seasoned with salt and lime,,,,,,,,,,,,,,,,,,,,,,,,,,,,,,,,,,,,,,,,,,,,,,,,,,,,,,,,,,,,,,,,,,,,,,,,,,,,,,,,,,,,,,,,,,,
,Qdoba,Large SALSA & CHIPS,4.89,L;D,NULL,NULL,NULL,NULL,NULL,your choice of salsa served with regular-sized freshly fried tortilla chips seasoned with salt and lime,,,,,,,,,,,,,,,,,,,,,,,,,,,,,,,,,,,,,,,,,,,,,,,,,,,,,,,,,,,,,,,,,,,,,,,,,,,,,,,,,,,,,,,,,,,
,Qdoba,CHOCOLATE CHUNK COOKIE,1.69,L;D,NULL,NULL,NULL,NULL,NULL,chocolaty deliciousness baked in-house daily,,,,,,,,,,,,,,,,,,,,,,,,,,,,,,,,,,,,,,,,,,,,,,,,,,,,,,,,,,,,,,,,,,,,,,,,,,,,,,,,,,,,,,,,,,,
,Qdoba,CHOCOLATE BROWNIE ,2.19,L;D,NULL,NULL,NULL,NULL,NULL,fudgy brownie with chocolate chips,,,,,,,,,,,,,,,,,,,,,,,,,,,,,,,,,,,,,,,,,,,,,,,,,,,,,,,,,,,,,,,,,,,,,,,,,,,,,,,,,,,,,,,,,,,
,Vail Commons,Scrambled Eggs,-1,B,N,Y,N,N,Y,eggs,,,,,,,,,,,,,,,,,,,,,,,,,,,,,,,,,,,,,,,,,,,,,,,,,,,,,,,,,,,,,,,,,,,,,,,,,,,,,,,,,,,,,,,,,,,
,Vail Commons,Scrambled Eggs w/ Meat & Cheese,-1,B,N,N,Y,Y,Y,sausage - pork,cheese - american - 160 ct (cheddar cheese milk,cheese culture,salt,enzymes,water,milkfat,sodium citrate,calcium phosphate,contains less than 2 of salt,sodium phosphate,sorbic acid as a preservative,annatto and oleoresin paprika color,with sunflower lecithin added for slice separation.),,,,,,,,,,,,,,,,,,,,,,,,,,,,,,,,,,,,,,,,,,,,,,,,,,,,,,,,,,,,,,,,,,,,,,,,,,,,,,
,Vail Commons,Cage free Hard Boiled Egg,-1,B,N,Y,Y,N,Y,eggs,,,,,,,,,,,,,,,,,,,,,,,,,,,,,,,,,,,,,,,,,,,,,,,,,,,,,,,,,,,,,,,,,,,,,,,,,,,,,,,,,,,,,,,,,,,
,Vail Commons,Sandwich Bar: Crispy Bacon,-1,B,N,N,N,N,N,bacon,,,,,,,,,,,,,,,,,,,,,,,,,,,,,,,,,,,,,,,,,,,,,,,,,,,,,,,,,,,,,,,,,,,,,,,,,,,,,,,,,,,,,,,,,,,
,Vail Commons,Sandwich Bar: Sausage Pork Patty,-1,B,N,N,N,N,N,pork,water,salt,spices,sodium phosphate,sugar,monosodium glutamate,caramel color,canola oil (tbhq,dimethylpolysiloxane added),,,,,,,,,,,,,,,,,,,,,,,,,,,,,,,,,,,,,,,,,,,,,,,,,,,,,,,,,,,,,,,,,,,,,,,,,,,,,,,,,,
,Vail Commons,Sandwich Bar: Southern Biscuit,-1,B,N,Y,Y,Y,N,enriched unbleached wheat flour wheat flour,niacin,reduced iron,thiamine mononitrate,enzyme,riboflavin,folic acid,hydrogenated palm kernel oil,whey a milk derivative,buttermilk,leavening sodium aluminum phosphate,baking soda,sodium acid pyrophosphate,monocalcium phosphate,contains less than 2 of the following: water,sugar,salt,modified cornstarch,artificial flavor,soybean oil,soy lecithin an emulsifier,,,,,,,,,,,,,,,,,,,,,,,,,,,,,,,,,,,,,,,,,,,,,,,,,,,,,,,,,,,,,,,,,,,,,,,
,Vail Commons,Sandwich Bar: Cheddar Cheese,-1,B,N,Y,N,Y,N,pasteurized milk,cheese culture,salt,enzymes,annatto,powdered cellulose (anti caking agent),,,,,,,,,,,,,,,,,,,,,,,,,,,,,,,,,,,,,,,,,,,,,,,,,,,,,,,,,,,,,,,,,,,,,,,,,,,,,,,,,,,,,,
,Vail Commons,Sandwich Bar: American Cheese,-1,B,N,Y,N,Y,N,cheddar cheese milk,cheese culture,salt,enzymes,water,milkfat,sodium citrate,calcium phosphate,contains less than 2 of salt,sodium phosphate,sorbic acid as a preservative,annatto and oleoresin paprika color,with sunflower lecithin added for slice separation,,,,,,,,,,,,,,,,,,,,,,,,,,,,,,,,,,,,,,,,,,,,,,,,,,,,,,,,,,,,,,,,,,,,,,,,,,,,,,,
,Vail Commons,Sandwich Bar: Croissant ,-1,B,N,Y,Y,Y,Y,enriched flour (wheat flour,malted barley flour,niacin,iron,thiamine mononitrate,riboflavin,folic acid),water,butter (cream [milk],lactic acid),wheat flour,sugar,yeast,contains 2% or less of: eggs,egg whites,salt,canola and/or soybean oil,calcium propionate (preservative),artificial butter flavor,sodium stearoyl lactylate,soy flour,dough conditioners (l-cysteine,ascorbic acid,enzymes). contains: eggs,milk,soy,wheat made in a facility that also processes tree nuts (almonds),,,,,,,,,,,,,,,,,,,,,,,,,,,,,,,,,,,,,,,,,,,,,,,,,,,,,,,,,,,,,,,,,
,Vail Commons,Sandwich Bar: English Muffin,-1,B,N,Y,Y,Y,N,unbleached enriched wheat flour [flour,malted barley flour,reduced iron,niacin,thiamin mononitrate vitamin b1,riboflavin vitamin b2,folic acid],water,farina,yeast,sugar,salt,preservatives calcium propionate,sorbic acid,soybean oil,wheat gluten,grain vinegar,soy flour,nonfat milk,whey.flour,modified wheat starch,polydextrose,honey,monoglycerides,soy lecithin,malt,natural artificial flavor,xanthan gum,sucralose,soy,whey milk,,,,,,,,,,,,,,,,,,,,,,,,,,,,,,,,,,,,,,,,,,,,,,,,,,,,,,,,,,,,,
,Vail Commons,Sandwich Bar: Plain Omelette ,-1,B,N,Y,N,N,Y,eggs,,,,,,,,,,,,,,,,,,,,,,,,,,,,,,,,,,,,,,,,,,,,,,,,,,,,,,,,,,,,,,,,,,,,,,,,,,,,,,,,,,,,,,,,,,,
,Vail Commons,Sandwich Bar: Vegan Egg Substitute,-1,B,Y,Y,N,N,N,water,mung bean protein,expeller-pressed canola oil,corn starch,contains less than 2% of baking powder (sodium acid pyrophosphate,sodium bicarbonate,monocalcium phosphate),dehydrated garlic,dehydrated onion,carrot extractives (color),turmeric extractives (color),salt,transglutaminase,,,,,,,,,,,,,,,,,,,,,,,,,,,,,,,,,,,,,,,,,,,,,,,,,,,,,,,,,,,,,,,,,,,,,,,,,,,,,,,
,Vail Commons,Bread Station: English Muffin ,-1,B;L;D,N,Y,Y,Y,N,unbleached enriched wheat flour [flour,malted barley flour,reduced iron,niacin,thiamin mononitrate vitamin b1,riboflavin vitamin b2,folic acid],water,farina,yeast,sugar,salt,preservatives calcium propionate,sorbic acid,soybean oil,wheat gluten,grain vinegar,soy flour,nonfat milk,whey.flour,modified wheat starch,polydextrose,honey,monoglycerides,soy lecithin,malt,natural artificial flavor,xanthan gum,sucralose,soy,whey milk,,,,,,,,,,,,,,,,,,,,,,,,,,,,,,,,,,,,,,,,,,,,,,,,,,,,,,,,,,,,,
,Vail Commons,Bread Station: Blueberry Bagel ,-1,B;L;D,Y,Y,Y,N,N,high gluten flour,water,blueberry mix (sugar,blueberry bits (apples,blueberry puree,sodium citrate,red 40 lake,blue 1 lake),salt,malted barley flour (contains wheat),enriched wheat flour (wheat flour,niacin,reduced iron,thiamine mononitrate,riboflavin,folic acid),palm shortening,natural and artificial flavors and 2% or less or each of the following: wheat gluten,citric acid,mono-and diglycerides,ammonium chloride,wheat flour,ascorbic acid (vitamin c),l-cysteine hydrochloride,calcium sulfate,enzymes (contains wheat)),vegetable soybean oil,yeast,,,,,,,,,,,,,,,,,,,,,,,,,,,,,,,,,,,,,,,,,,,,,,,,,,,,,,,,,,,,,,,,
,Vail Commons,Bread Station: Raisin Cinnamon Bread ,-1,B;L;D,Y,Y,Y,N,N,enriched flour wheat flour,malted barley flour,niacin,reduced iron,thiamin mononitrate,riboflavin,folic acid,water,raisins,high fructose corn syrup,cinnamon flakes sugar,vegetable oil [palm oil,palm kernel oil],cinnamon,soy lecithin,yeast,wheat gluten,contains 2 or less of each of the following:,soybean oil ,salt,sugar,natural flavor,wheat flour,dough conditioners contains one or more of the following: sodium stearoyl lactylate,calcium stearoyl lactylate,monoglycerides and/or diglycerides,calcium peroxide,calcium iodate,datem,ethoxylated mono- and diglycerides,enzymes,caramel color,calcium sulfate,wheat starch,guar gum,xanthan gum,calcium propionate to retard spoilage,,,,,,,,,,,,,,,,,,,,,,,,,,,,,,,,,,,,,,,,,,,,,,,,,,,,,,,
,Vail Commons,Bread Station: Plain Bagel,-1,B;L;D,Y,Y,Y,N,N,ingredients: high gluten flour,water,blend (sugar,salt,malted barley flour and 2% or less of the following: molasses powder (molasses,wheat starch),mono- and diglycerides,ammonium chloride,enriched wheat flour (wheat flour,niacin,reduced iron,thiamin mononitrate,riboflavin,folic acid),ascorbic acid (vitamin c),calcium sulfate,l-cysteine hydrochloride,enzymes),vegetable soybean oil,yeast,,,,,,,,,,,,,,,,,,,,,,,,,,,,,,,,,,,,,,,,,,,,,,,,,,,,,,,,,,,,,,,,,,,,,,,,
,Vail Commons,Bread Station: Sesame Bagel ,-1,B;L;D,Y,Y,Y,N,N,high gluten flour,water,sesame seeds,blend (sugar,salt,malted barley flour and 2% or less of the following: molasses powder (molasses,wheat starch),mono- and diglycerides,ammonium chloride,enriched wheat flour (wheat flour,niacin,reduced iron,thiamin mononitrate,riboflavin,folic acid),ascorbic acid (vitamin c),calcium sulfate,l-cysteine hydrochloride,enzymes),vegetable soybean oil,yeast,,,,,,,,,,,,,,,,,,,,,,,,,,,,,,,,,,,,,,,,,,,,,,,,,,,,,,,,,,,,,,,,,,,,,,,
,Vail Commons,Bread Station: Everything Bagel ,-1,B;L;D,Y,Y,Y,N,N,high gluten flour,water,blend (sugar,salt,malted barley flour and 2% or less of the following: molasses powder (molasses,wheat starch),mono- and diglycerides,ammonium chloride,enriched wheat flour (wheat flour,niacin,reduced iron,thiamin mononitrate,riboflavin,folic acid),ascorbic acid (vitamin c),calcium sulfate,l-cysteine hydrochloride,enzymes),sesame seeds,poppy seeds,oats,vegetable soybean oil,yeast,garlic,,,,,,,,,,,,,,,,,,,,,,,,,,,,,,,,,,,,,,,,,,,,,,,,,,,,,,,,,,,,,,,,,,,,
,Vail Commons,Bread Station: Cinnamon Raisin Bagel ,-1,B;L;D,Y,Y,Y,N,N,high gluten flour,water,cinnamon mix (enriched wheat flour (wheat flour,niacin,reduced iron,thiamine mononitrate,riboflavin,folic acid),sugar,salt,malted barley flour (contains wheat),cinnamon and 2% or less of each of the following: wheat gluten,molasses powder (molasses,wheat starch),mono- and diglycerides,ammonium chloride,ascorbic acid (vitamin c),l-cysteine hydrchloride,calcium sulfate,enzymes (contains wheat),raisins,vegetable soybean oil,yeast,,,,,,,,,,,,,,,,,,,,,,,,,,,,,,,,,,,,,,,,,,,,,,,,,,,,,,,,,,,,,,,,,,,,,
,Vail Commons,Bread Station: Poppy Seed Bagel,-1,B;L;D,Y,Y,Y,N,N,high gluten flour,water,poppy seeds,blend (sugar,salt,malted barley flour and 2% or less of the following: molasses powder (molasses,wheat starch),mono- and diglycerides,ammonium chloride,enriched wheat flour (wheat flour,niacin,reduced iron,thiamin mononitrate,riboflavin,folic acid),ascorbic acid (vitamin c),calcium sulfate,l-cysteine hydrochloride,enzymes),vegetable soybean oil,yeast,,,,,,,,,,,,,,,,,,,,,,,,,,,,,,,,,,,,,,,,,,,,,,,,,,,,,,,,,,,,,,,,,,,,,,,
,Vail Commons,Bread Station: Cheese Bagel,-1,B;L;D,N,Y,Y,Y,N,high gluten flour,water,cheddar (milk,cultures,salt,enzymes,annatto (color)),blend (sugar,malted barley flour and 2% or less of the following: molasses powder (molasses,wheat starch),mono- and diglycerides,ammonium chloride,enriched wheat flour (wheat flour,niacin,reduced iron,thiamin mononitrate,riboflavin,folic acid),ascorbic acid (vitamin c),calcium sulfate,lcysteine hydrochloride,enzymes),vegetable soybean oil,yeast contains: milk,wheat,,,,,,,,,,,,,,,,,,,,,,,,,,,,,,,,,,,,,,,,,,,,,,,,,,,,,,,,,,,,,,,,,,,
,Vail Commons,Bread Station: Whole Grain Bagel,-1,B;L;D,Y,Y,Y,N,N,high gluten flour,water,wheat flour,rye flour,oats,blend (sugar,salt,malted barley flour and 2% or less of the following: molasses powder (molasses,wheat starch),mono- and diglycerides,ammonium chloride,enriched wheat flour (wheat flour,niacin,reduced iron,thiamin mononitrate,riboflavin,folic acid),ascorbic acid (vitamin c),calcium sulfate,l-cysteine hydrochloride,enzymes),vegetable soybean oil,flaxseed,chia seeds contains: wheat,s,,,,,,,,,,,,,,,,,,,,,,,,,,,,,,,,,,,,,,,,,,,,,,,,,,,,,,,,,,,,,,,,,,,
,Vail Commons,Bread Station: Wheat Bagel,-1,B;L;D,Y,Y,Y,N,N,high gluten flour,water,wheat flour,blend (sugar,salt,malted barley flour and 2% or less of the following: molasses powder (molasses,wheat starch),mono- and diglycerides,ammonium chloride,enriched wheat flour (wheat flour,niacin,reduced iron,thiamin mononitrate,riboflavin,folic acid),ascorbic acid (vitamin c),calcium sulfate,l-cysteine hydrochloride,enzymes),vegetable soybean oil,yeas,,,,,,,,,,,,,,,,,,,,,,,,,,,,,,,,,,,,,,,,,,,,,,,,,,,,,,,,,,,,,,,,,,,,,,,
,Vail Commons,Bread Station: Multigrain Bread,-1,B;L;D,Y,Y,Y,N,N,water,wheat mix (whole wheat flour,enriched wheat flour (wheat flour,niacin,reduced iron,thiamine mononitrate,riboflavin,folic acid),dextrose,soybean oil,wheat gluten,salt and 2% or less of each of the following: defatted soy flour,calcium stearoyl lactylate (csl),diacetyl tartaric acid esters of monodiglycerides (datem),potassium iodate,ascorbic acid (vitamin c),enzymes (contains wheat),lcysteine hydrochloride),flour ,wheat flour,vegetable soybean oil,grains mix (water,high fructose corn syrup,oat flakes,sunflower seeds,millet,flaxseed and 2% of less of each of the following: cracked wheat,sea salt,lactic acid,natural flavor (contains wheat)),yeast,,,,,,,,,,,,,,,,,,,,,,,,,,,,,,,,,,,,,,,,,,,,,,,,,,,,,,,,,,,,,
,Vail Commons,Bread Station: White Bread,-1,B;L;D,Y,Y,Y,N,N,high gluten flour,water,vegetable soybean oil,dextrose,sugar,mono and diglycerides,corn starch,defatted soy flour and2% or less of each of the following potassium bromate,ascorbic acid( vit c) lcysteine,hydrochloride,enzymes) yeast,,,,,,,,,,,,,,,,,,,,,,,,,,,,,,,,,,,,,,,,,,,,,,,,,,,,,,,,,,,,,,,,,,,,,,,,,,,,,,,,,
,Vail Commons,Bread Station:Strawberry Cream Cheese Cup,-1,B;L;D,N,Y,N,Y,N,pasteurized milk and cream,water,sugar,strawberries,cheese culture,salt,natural flavor,modified food starch,guar gum,fruit and vegetable juice (color),citric acid,carob bean gum,xanthan gum,honey,natamycin (a natural mold inhibitor),,,,,,,,,,,,,,,,,,,,,,,,,,,,,,,,,,,,,,,,,,,,,,,,,,,,,,,,,,,,,,,,,,,,,,,,,,,,,
,Vail Commons,Bread Station: Plain Cream Cheese Cup,-1,B;L;D,N,Y,N,Y,N,pasteurized milk and cream,cheese culture,salt,guar gum,citric acid,carob bean gum,xanthan gum,natamycin (a natural mold inhibitor).contains: milk,,,,,,,,,,,,,,,,,,,,,,,,,,,,,,,,,,,,,,,,,,,,,,,,,,,,,,,,,,,,,,,,,,,,,,,,,,,,,,,,,,,,
,Vail Commons,Bread Station:Sun Butter,-1,B;L;D,Y,Y,N,N,N,roasted sunflower seed,sugar,mono and sunbutter.com@sunbutter diglycerides and salt.processed in a production facility free from the top allergens,,,,,,,,,,,,,,,,,,,,,,,,,,,,,,,,,,,,,,,,,,,,,,,,,,,,,,,,,,,,,,,,,,,,,,,,,,,,,,,,,,,,,,,,,
,Vail Commons,Bread Station: Peanut Butter Cup,-1,B;L;D,Y,Y,N,N,N,roasted peanuts and sugar,contains 2 or less of: molasses,fully hydrogenated vegetable oils rapeseed and soybean,mono and diglycerides,salt.),,,,,,,,,,,,,,,,,,,,,,,,,,,,,,,,,,,,,,,,,,,,,,,,,,,,,,,,,,,,,,,,,,,,,,,,,,,,,,,,,,,,,,,
,Vail Commons,Bread Station: Nutella ,-1,B;L;D,N,Y,N,Y,N,sugar,palm oil,hazelnuts,skim milk,cocoa,soy lecithin as emulsifier,vanillin: an artificial flavor,,,,,,,,,,,,,,,,,,,,,,,,,,,,,,,,,,,,,,,,,,,,,,,,,,,,,,,,,,,,,,,,,,,,,,,,,,,,,,,,,,,,,
,Vail Commons,Bread Station: MWG Double Chocolate Muffin,-1,B;L;D,N,Y,N,N,Y,water,organic cane sugar,sunflower oil,potato starch,dried whole egg,cocoa powder,glycerine,semi sweet chocolate chips (cane sugar,unsweetened chocolate,cocoa butter),brown rice flour,inulin,cellulose,sodium acid pyrophosphate,sodium bicarbonate,sea salt,xanthan gum,natural vanilla flavor,natural chocolate flavor,,,,,,,,,,,,,,,,,,,,,,,,,,,,,,,,,,,,,,,,,,,,,,,,,,,,,,,,,,,,,,,,,,,,,,,,,
,Vail Commons,Bread Station: MWG Blueberry Muffin,-1,B;L;D,Y,Y,N,N,N,king arthur gluten free muffin mix (cane sugar,whole grain brown rice flour,potato starch,tapioca starch,cellulose,leavener (calcium acid pyrophosphate,monocalcium phosphate,baking soda),natural flavor,salt,cornstarch,xanthan gum,nutmeg,niacinamide (a b vitamin),reduced iron,thiamin hydrochloride (vitamin b1),riboflavin (vitamin b2).),applesauce - canned (apples,high fructose corn syrup,water,ascorbic acid to maintain color.),oat milk (water,partially hydrolyzed whole oat flour,sugar,canola oil,calcium carbonate,sunflower lecithin,gellan gum,vitamin a palmitate,vitamin d2,cyanocobalamin (vitamin b12)),banana,blueberries,canola oil (tbhq,dimethylpolysiloxane),,,,,,,,,,,,,,,,,,,,,,,,,,,,,,,,,,,,,,,,,,,,,,,,,,,,,,,,,
,Vail Commons,Bread Station: GF White Hamburger Bun,-1,B;L;D,N,N,N,N,N,water,modified tapioca starch,white rice flour,potato starch,corn starch,palm oil,evaporated cane juice,contains less than 2 of each of the following: millet flour,dried yeast yeast,sorbitan monostearate,modified cellulose,canola oil,seasalt,sorghum flour,xanthan gum,guar gum,rice bran extract,cultured dextrose,calcium sulfate,enzymes,ascorbic acid,,,,,,,,,,,,,,,,,,,,,,,,,,,,,,,,,,,,,,,,,,,,,,,,,,,,,,,,,,,,,,,,,,,,,,,
,Vail Commons,Bread Station: GF Thin Sliced Bagel,-1,B;L;D,N,N,N,N,N,water,potato starch,soyflour,tapioca starch,brown rice flour,chickpea flour,cellulose,glycerine,sunflower oil,sea salt,xanthan gum,yeast sodium acid pyrophosphate,sodium bicarbonate,,,,,,,,,,,,,,,,,,,,,,,,,,,,,,,,,,,,,,,,,,,,,,,,,,,,,,,,,,,,,,,,,,,,,,,,,,,,,,,
,Vail Commons,Bread Station: GF Wrap,-1,B;L;D,N,N,N,N,N,glutenone tortilla ,water,modified food starch,rice flour,soybean flour,soybean oil,dextrose,potato starch,xanthan gum,salt,rice starch,corn dextrin,polyglycerol esters of fatty acids (from soybean oil and palm oil),mono & diglycerides of fatty acids (from soybean oil and palm oil),calcium propionate*,fumaric acid,,,,,,,,,,,,,,,,,,,,,,,,,,,,,,,,,,,,,,,,,,,,,,,,,,,,,,,,,,,,,,,,,,,,,,,,,,,,
,Vail Commons,Bread Station: GF Whole Grain Bagel,-1,B;L;D,N,N,N,N,Y,filtered water,brown rice flour,tapioca starch,sunflower oil,egg whites,evaporated cane juice,potato starch,teff flour,tapioca syrup or brown rice syrup,xanthan gum,tapioca maltodextrin,flax seed meal,yeast,salt,mold inhibitor (cultured corn syrup,citric acid),molasses (dry molasses and maltodextrin),enzymes,,,,,,,,,,,,,,,,,,,,,,,,,,,,,,,,,,,,,,,,,,,,,,,,,,,,,,,,,,,,,,,,,,,,,,,,,,
,Vail Commons,Bread Station: GF Whole Grain Sandwich Bread,-1,B;L;D,N,N,N,N,Y,water,modified tapioca starch,rice starch,canola oil,brown rice flour (rice flour,rice bran),sorghum flour,cane sugar,tapioca starch,sugar cane syrup,egg whites,flax seed,amaranth flour,modified cellulose,teff flour,cultured brown rice,brown rice,salt,yeast,guar gum,xanthan gum,enzymes. contains: eggs,,,,,,,,,,,,,,,,,,,,,,,,,,,,,,,,,,,,,,,,,,,,,,,,,,,,,,,,,,,,,,,,,,,,,,
,Vail Commons,Bread Station: GF Classis Hamburger Bun,-1,B;L;D,N,N,N,N,Y,water,tapioca starch,brown rice flour (rice flour,rice bran with germ),canola oil,invert cane syrup,resistant corn starch,less than 2% of: tapioca syrup,dried egg whites,yeast,tapioca maltodextrin,potato flour,sugar,sugarcane fiber,salt,gum blend (xanthan gum,sodium alginate,guar gum),cultured corn syrup solids,xanthan gum,citric acid (mold inhibitor),enzymes,,,,,,,,,,,,,,,,,,,,,,,,,,,,,,,,,,,,,,,,,,,,,,,,,,,,,,,,,,,,,,,,,,,,,,
,Vail Commons,Bread Station: GF Honey Multigrain Bread,-1,B;L;D,N,N,N,N,Y,egg whites,cornstarch,whole grain flour blend (amaranth,quinoa,millet,sorghum,teff),honey,tapioca starch,flaxseed,palm oil,millet seeds,rice bran and germ,contains less than 2% of the following: distilled monoglycerides,yeast,maltodextrin,salt,carbohydrate gum,xanthan gum,leavening (sodium acid pyrophosphate,baking soda,monocalcium phosphate),pectin,guar gum,sugar,,,,,,,,,,,,,,,,,,,,,,,,,,,,,,,,,,,,,,,,,,,,,,,,,,,,,,,,,,,,,,,,,,,
,Vail Commons,Bread Station: GF Hoagie Rolls,-1,B;L;D,Y,Y,N,N,Y,water,tapioca starch,brown rice flour(rice flour,rice bran with germ)canola oil ,egg whites,resistant corn starch,tapiocamaltodextrin,cane sugar,invert cane sugar,rice bran,yeast,sugar cane fiber,salt,gum(xanthan gum,sodium alginate,guar gum)cultured corn syrup solids citric acid(mold inhibitor) locust bean gum enzymes contains: egg),,,,,,,,,,,,,,,,,,,,,,,,,,,,,,,,,,,,,,,,,,,,,,,,,,,,,,,,,,,,,,,,,,,,,,,,,,,,
,Vail Commons,Cereals:Cheerios,-1,B;L;D,Y,Y,N,N,N,whole grain oats,corn starch,sugar,salt,tripotassium phosphate. vitamin e mixed tocopherols added to preserve freshness.vitamins and minerals: calcium carbonate,iron and zinc mineral nutrients,vitamin c sodium ascorbate,a b vitamin niacinamide,vitamin b6 pyridoxine hydrochloride,vitamin a palmitate,vitamin b1 thiamin mononitrate,a b vitamin folic acid,vitamin b12,vitamin d3,,,,,,,,,,,,,,,,,,,,,,,,,,,,,,,,,,,,,,,,,,,,,,,,,,,,,,,,,,,,,,,,,,,,,,,,,,,,,,
,Vail Commons,Cereals: Rice Krispies ,-1,B;L;D,Y,Y,N,N,N,rice,sugar,contains 2 or less of salt,malt flavor.vitamins and minerals: iron ferric phosphate,niacinamide,vitamin b6 pyridoxine hydrochloride,vitamin b2 riboflavin,vitamin b1 thiamin hydrochloride,folic acid,vitamin d3,vitamin b12,,,,,,,,,,,,,,,,,,,,,,,,,,,,,,,,,,,,,,,,,,,,,,,,,,,,,,,,,,,,,,,,,,,,,,,,,,,,,,,,,
,Vail Commons,Cereals: Dyno Bites Cocoa ,-1,B;L;D,Y,Y,N,N,N,rice,sugar,cocoa processed with alkali,canola oil,salt,caramel color,natural flavor,rosemary extract antioxidant. vitamins and minerals: reduced iron,zinc oxide,thiamin mononitrate vitamin b1,calcium pantothenate vitamin b5,folic acid,,,,,,,,,,,,,,,,,,,,,,,,,,,,,,,,,,,,,,,,,,,,,,,,,,,,,,,,,,,,,,,,,,,,,,,,,,,,,,,,
,Vail Commons,Cereals: Life,-1,B;L;D,Y,Y,Y,N,N,whole grain oat flour,sugar,corn flour,whole wheat flour,rice flour,salt,calcium carbonate,disodium phosphate,reduced iron,niacinamide,zinc oxide,bht preservative,yellow 5,yellow 6,thiamin mononitrate,riboflavin,pyridoxine hydrochloride,folic acid. one of the b vitamins,,,,,,,,,,,,,,,,,,,,,,,,,,,,,,,,,,,,,,,,,,,,,,,,,,,,,,,,,,,,,,,,,,,,,,,,,,
,Vail Commons,Cereals: GF Chex Choc,-1,B;L;D,Y,Y,N,N,N,whole grain rice,rice,sugar,fructose,canola and/or rice bran oil,cocoa processed with alkali,salt,molasses,natural flavor,soy lecithin. vitamin e (mixed tocopherols) and bht added to preserve freshness.vitamins and minerals: calcium carbonate,iron and zinc (mineral nutrients),vitamin c (sodium ascorbate),a b vitamin (niacinamide),vitamin b6 (pyridoxine hydrochloride),vitamin b1 (thiamin mononitrate),vitamin a (palmitate),vitamin b2 (riboflavin),a b vitamin (folic acid),vitamin b12,vitamin d3. contains soy ingredients,,,,,,,,,,,,,,,,,,,,,,,,,,,,,,,,,,,,,,,,,,,,,,,,,,,,,,,,,,,,,,,,,,,,,,,,
,Vail Commons,Cereals: GF Chex Rice ,-1,B;L;D,Y,Y,N,N,N,whole grain rice,rice,sugar,salt,molasses. vitamin e mixed tocopherols added to preserve freshness. vitamins and minerals: calcium carbonate,iron and zinc mineral nutrients,vitamin c sodium ascorbate,a b vitamin niacinamide,vitamin b6 pyridoxine hydrochloride,vitamin b1 thiamin mononitrate,vitamin b2 riboflavin,vitamin a palmitate,a b vitamin folic acid,vitamin b12,vitamin d3,,,,,,,,,,,,,,,,,,,,,,,,,,,,,,,,,,,,,,,,,,,,,,,,,,,,,,,,,,,,,,,,,,,,,,,,,,,,,
,Vail Commons,Cereals: Fruity Dino Bites ,-1,B;L;D,Y,Y,N,N,N,rice,sugar,canola and/or soybean oil,salt,contains 1% or less of: natural and artificial flavor,red 40,yellow 6,yellow 5,blue 1,turmeric oleoresin (color),bht and bha added to preserve freshness,vitamins and minerals: sodium ascorbate and ascorbic acid (vitamin c),niacinamide (vitamin b3),reduced iron,zinc oxide,vitamin a palmitate,pyridoxine hydrochloride (vitamin b6),thiamin mononitrate (vitamin b1),riboflavin (vitamin b2),folic acid,vitamin d3,vitamin b12,,,,,,,,,,,,,,,,,,,,,,,,,,,,,,,,,,,,,,,,,,,,,,,,,,,,,,,,,,,,,,,,,,,,,,
,Vail Commons,Cereals: Bobs Red Mill Honey Oat Granola,-1,B;L;D,Y,Y,T,N,N,gluten free whole grain rolled oats,cane sugar,brown rice,canola oil,honey,brown rice syrup,molasses,salt,vanilla extract[vanilla bean extractives,alcohol,water,]mixed tocopherols[antioxidant],,,,,,,,,,,,,,,,,,,,,,,,,,,,,,,,,,,,,,,,,,,,,,,,,,,,,,,,,,,,,,,,,,,,,,,,,,,,,,,,
,Vail Commons,Cereals: Marshmallow Matey ,-1,B;L;D,Y,Y,Y,N,N,whole grain oat flour,sugar,corn syrup,wheat starch,modified cornstarch,contains 2 percent or less of salt,calcium carbonate,dextrose,gelatin,artificial flavor,trisodium phosphate,yellow 5,red 40,blue 1,yellow 6. vitamins and minerals: ferric orthophosphate source of iron,niacinamide vitamin b3,zinc oxide source of zinc,thiamin mononitrate vitamin b1,calcium pantothenate vitamin b5,pyridoxine hydrochloride vitamin b6,folic acid. contains wheat,,,,,,,,,,,,,,,,,,,,,,,,,,,,,,,,,,,,,,,,,,,,,,,,,,,,,,,,,,,,,,,,,,,,,,,
,Vail Commons,Drinks: Uproot Oatmilk,-1,B;L;D,Y,Y,N,N,N,water,partially hydrolyzed whole oat flour,sugar,canola oil,calcium carbonate,sunflower lecithin,salt,gellan gum,vitamin a palmitate,vitamin d2,cyanocobalamin (vitamin b12),,,,,,,,,,,,,,,,,,,,,,,,,,,,,,,,,,,,,,,,,,,,,,,,,,,,,,,,,,,,,,,,,,,,,,,,,,,,,,,,,
,Vail Commons,Drinks: Uproot Soymilk,-1,B;L;D,Y,Y,N,N,N,water,soy milk powder (soybeans),sugar,calcium carbonate,sunflower lecithin,natural flavor,salt,gellan gum,vitamin a palmitate,vitamin d2,cyanocobalamin (vitamin b12),,,,,,,,,,,,,,,,,,,,,,,,,,,,,,,,,,,,,,,,,,,,,,,,,,,,,,,,,,,,,,,,,,,,,,,,,,,,,,,,,
,Vail Commons,Drinks: Uproot Chocolate Peamilk,-1,B;L;D,Y,Y,N,N,N,water,sugar,pea protein,canola oil,alkalized cocoa powder,calcium carbonate,sunflower lecithin,salt,gellan gum,vitamin a palmitate,vitamin d2,cyanocobalamin (vitamin b12),,,,,,,,,,,,,,,,,,,,,,,,,,,,,,,,,,,,,,,,,,,,,,,,,,,,,,,,,,,,,,,,,,,,,,,,,,,,,,,,
,Vail Commons,Drinks: Pepsi,-1,B;L;D,Y,Y,N,N,N,pepsico. pepsi,,,,,,,,,,,,,,,,,,,,,,,,,,,,,,,,,,,,,,,,,,,,,,,,,,,,,,,,,,,,,,,,,,,,,,,,,,,,,,,,,,,,,,,,,,,
,Vail Commons,Drinks: Cheerwine ,-1,B;L;D,Y,Y,N,N,N,cheerwine,,,,,,,,,,,,,,,,,,,,,,,,,,,,,,,,,,,,,,,,,,,,,,,,,,,,,,,,,,,,,,,,,,,,,,,,,,,,,,,,,,,,,,,,,,,
,Vail Commons,Drinks: Sweet Iced Tea ,-1,B;L;D,Y,Y,N,N,N,lipton iced tea,,,,,,,,,,,,,,,,,,,,,,,,,,,,,,,,,,,,,,,,,,,,,,,,,,,,,,,,,,,,,,,,,,,,,,,,,,,,,,,,,,,,,,,,,,,
,Vail Commons,Drinks: Iced Tea ,-1,B;L;D,Y,Y,N,N,N,lipton iced tea,,,,,,,,,,,,,,,,,,,,,,,,,,,,,,,,,,,,,,,,,,,,,,,,,,,,,,,,,,,,,,,,,,,,,,,,,,,,,,,,,,,,,,,,,,,
,Vail Commons,Drinks: Apple Juice,-1,B;L;D,Y,Y,N,N,N,apple juice,,,,,,,,,,,,,,,,,,,,,,,,,,,,,,,,,,,,,,,,,,,,,,,,,,,,,,,,,,,,,,,,,,,,,,,,,,,,,,,,,,,,,,,,,,,
,Vail Commons,Drinks: Orange Juice ,-1,B;L;D,Y,Y,N,N,N,orange juice,,,,,,,,,,,,,,,,,,,,,,,,,,,,,,,,,,,,,,,,,,,,,,,,,,,,,,,,,,,,,,,,,,,,,,,,,,,,,,,,,,,,,,,,,,,
,Vail Commons,Drinks: Cranberry Juice,-1,B;L;D,Y,Y,N,N,N,cranberry juice,,,,,,,,,,,,,,,,,,,,,,,,,,,,,,,,,,,,,,,,,,,,,,,,,,,,,,,,,,,,,,,,,,,,,,,,,,,,,,,,,,,,,,,,,,,
,Vail Commons,Drinks: 2% Milk Chocolate Milk,-1,B;L;D,N,N,N,Y,N,chocolate milk with skim milk,,,,,,,,,,,,,,,,,,,,,,,,,,,,,,,,,,,,,,,,,,,,,,,,,,,,,,,,,,,,,,,,,,,,,,,,,,,,,,,,,,,,,,,,,,,
,Vail Commons,Drinks: Almond Milk,-1,B;L;D,Y,Y,N,N,N,almond milk,,,,,,,,,,,,,,,,,,,,,,,,,,,,,,,,,,,,,,,,,,,,,,,,,,,,,,,,,,,,,,,,,,,,,,,,,,,,,,,,,,,,,,,,,,,
,Vail Commons,Drinks: Soy Milk,-1,B;L;D,Y,Y,N,N,N,soymilk,,,,,,,,,,,,,,,,,,,,,,,,,,,,,,,,,,,,,,,,,,,,,,,,,,,,,,,,,,,,,,,,,,,,,,,,,,,,,,,,,,,,,,,,,,,
,Vail Commons,Drinks: Water,-1,B;L;D,Y,Y,N,N,N,water,,,,,,,,,,,,,,,,,,,,,,,,,,,,,,,,,,,,,,,,,,,,,,,,,,,,,,,,,,,,,,,,,,,,,,,,,,,,,,,,,,,,,,,,,,,
,Vail Commons,Drinks: Gatorade,-1,B;L;D,Y,Y,N,N,N,gatorade,,,,,,,,,,,,,,,,,,,,,,,,,,,,,,,,,,,,,,,,,,,,,,,,,,,,,,,,,,,,,,,,,,,,,,,,,,,,,,,,,,,,,,,,,,,
,Vail Commons,Drinks: Coffee,-1,B;L;D,Y,Y,N,N,N,,,,,,,,,,,,,,,,,,,,,,,,,,,,,,,,,,,,,,,,,,,,,,,,,,,,,,,,,,,,,,,,,,,,,,,,,,,,,,,,,,,,,,,,,,,,
,Vail Commons,Drinks: Teas,-1,B;L;D,Y,Y,N,N,N,variety of tea flavors,,,,,,,,,,,,,,,,,,,,,,,,,,,,,,,,,,,,,,,,,,,,,,,,,,,,,,,,,,,,,,,,,,,,,,,,,,,,,,,,,,,,,,,,,,,
,Vail Commons,Deli: Sliced Turkey,-1,L;D,N,N,N,N,N,turkey breast meat,turkey broth,contains 2% or less salt,modified food starch,sugar,vinegar,carrageenan,sodium phosphate,,,,,,,,,,,,,,,,,,,,,,,,,,,,,,,,,,,,,,,,,,,,,,,,,,,,,,,,,,,,,,,,,,,,,,,,,,,,,,,,,,,,
,Vail Commons,Deli: Sliced Ham,-1,L;D,N,N,N,N,N,cured ham,water,dextrose,distilled vinegar,contains 2 or less: salt,potassium chloride,sodium phosphate,sodium erythorbate,sodium nitrite,,,,,,,,,,,,,,,,,,,,,,,,,,,,,,,,,,,,,,,,,,,,,,,,,,,,,,,,,,,,,,,,,,,,,,,,,,,,,,,,,,,
,Vail Commons,Deli:Creamy Chicken Salad,-1,L;D,N,N,Y,Y,Y,cooked seasoned chicken (chicken dark meat,chicken light meat,water,less than 2% whey protein concentrate [milk],salt),dressing (mayonnaise [soybean oil,egg yolks,vinegar,salt],sugar,preservative blend [water,maltodextrin,cultured dextrose,potassium sorbate,sodium benzoate,sodium diacetate,xanthan gum,sodium chloride,egg white lysozyme,nisin preparation],dehydrated onion,phosphoric acid,modified corn starch,spice,salt,chicken base [chicken including natural chicken juices,chicken fat,autolyzed yeast extract,maltodextrin ,dried whey ,natural flavoring,turmeric],dill),celery,,,,,,,,,,,,,,,,,,,,,,,,,,,,,,,,,,,,,,,,,,,,,,,,,,,,,,,,,,
,Vail Commons,Deli: Tuna Salad,-1,L;D,N,N,Y,N,Y,tuna (tuna fish,water,vegetable broth [contains soy],salt),mayonnaise (soybean oil,egg yolks,vinegar,celery,sugar,breadcrumbs (bleached wheat flour,yeast,sweet pickle relish (cucumbers,distilled vinegar,salt,contains less than 2% of: mustard seed,xanthan gum,calcium chloride,celery seed,dehydrated red bell pepper,natural flavoring,turmeric,minced onion),lemon juice concentrate,dehydrated onion,modified corn starch,black pepper,clam broth (clam broth [dehydrated],maltodextrin),sodium benzoate (preservative),potassium sorbate (preservative),,,,,,,,,,,,,,,,,,,,,,,,,,,,,,,,,,,,,,,,,,,,,,,,,,,,,,,,,,,,,,
,Vail Commons,Deli: Flour Tortilla 12inch,-1,L;D,Y,Y,Y,N,N,enriched unbleached flour wheat flour,niacin,reduced iron,thiamine mononitrate,riboflavin and folic acid,water,vegetable shortening contains one or more of the following: palm oil and/or corn oil,contains 2 or less of the following: salt,aluminum-free leavening sodium acid pyrophosphate,sodium bicarbonate,corn starch,monocalcium phosphate,wheat protein,preservatives calcium propionate,sorbic acid,dough conditioner fumaric acid,xanthan gum,mono- and diglycerides,sodium metabisulphite. ,,,,,,,,,,,,,,,,,,,,,,,,,,,,,,,,,,,,,,,,,,,,,,,,,,,,,,,,,,,,,,,,,,,,,,,,,
,Vail Commons,Deli: Spinach Tortilla 12inch,-1,L;D,Y,Y,Y,N,N,enriched wheat flour (wheat flour,niacin,reduced iron,thiamine mononitrate,riboflavin,folic acid),water,palm oil,contains 2% or less of: tortilla mix (salt,vital wheat gluten,leavening [sodium bicarbonate,sodium aluminum sulfate,sodium aluminum phosphate],preservative [calcium propionate],dextrose,dough conditioners [monoglycerides,mono- and diglycerides,enzymes and sodium metabisulfite],fumaric acid,guar gum and sorbic acid),spinach blend (spinach powder,fdc blue #1 and fdc yellow #5) and herb blend (garlic,onion,herbs,parsley,basil,red and green bell pepper and spice extractive),,,,,,,,,,,,,,,,,,,,,,,,,,,,,,,,,,,,,,,,,,,,,,,,,,,,,,,,,,,,,,,,,
,Vail Commons,Deli: Whole Wheat Tortilla 12inch,-1,L;D,Y,Y,Y,N,N,whole wheat flour,water,palm oil,contains 2% or less of: tortilla mix (salt,vital wheat gluten,leavening [sodium bicarbonate,sodium aluminum sulfate,sodium aluminum phosphate],preservative [calcium propionate],dextrose,dough conditioners [monoglycerides,mono- and diglycerides,enzymes and sodium metabisulfite],fumaric acid,guar gum and sorbic acid),,,,,,,,,,,,,,,,,,,,,,,,,,,,,,,,,,,,,,,,,,,,,,,,,,,,,,,,,,,,,,,,,,,,,,,,,,,,,
,Vail Commons,Deli: White Bread Slice,-1,L;D,Y,Y,Y,N,N,high gluten flour,water,vegetable soybean oil,dextrose,sugar,mono and diglycerides,corn starch,defatted soy flour and2% or less of each of the following potassium bromate,ascorbic acid( vit c) lcysteine,hydrochloride,enzymes) yeast,,,,,,,,,,,,,,,,,,,,,,,,,,,,,,,,,,,,,,,,,,,,,,,,,,,,,,,,,,,,,,,,,,,,,,,,,,,,,,,,,
,Vail Commons,Deli: Pita Bread,-1,L;D,Y,Y,Y,N,N,unbleached unbromated enriched flour {niacin b-complex vitamin,thiamine b1 vitamin,reduced iron,riboflavin b2 vitamin,folic acid},water and soybean oil. contains 2 or less of each of the following ingredients: calcium propionate a preservative,corn syrup solids,fumaric acid,guar gum,vegetable oil,salt,sesame flour,sodium bicarbonate,sorbic acid a preservative,soy flour,sugar,vegetable mono and diglycerides,vegetable l cysteine,wheat enzymes,whole wheat flour and yeast,,,,,,,,,,,,,,,,,,,,,,,,,,,,,,,,,,,,,,,,,,,,,,,,,,,,,,,,,,,,,,,,,,,,,,,,
,Vail Commons,Deli: Multigrain Sliced Bread,-1,L;D,Y,Y,Y,N,N,water,wheat mix (whole wheat flour,enriched wheat flour (wheat flour,niacin,reduced iron,thiamine mononitrate,riboflavin,folic acid),dextrose,soybean oil,wheat gluten,salt and 2% or less of each of the following: defatted soy flour,calcium stearoyl lactylate (csl),diacetyl tartaric acid esters of monodiglycerides (datem),potassium iodate,ascorbic acid (vitamin c),enzymes (contains wheat),lcysteine hydrochloride),flour ,wheat flour,vegetable soybean oil,grains mix (water,high fructose corn syrup,oat flakes,sunflower seeds,millet,flaxseed and 2% of less of each of the following: cracked wheat,sea salt,lactic acid,natural flavor (contains wheat)),yeast,,,,,,,,,,,,,,,,,,,,,,,,,,,,,,,,,,,,,,,,,,,,,,,,,,,,,,,,,,,,,
,Vail Commons,Deli: Leaf Lettuce,-1,L;D,Y,Y,N,N,N,lettuce - romaine - chopped,,,,,,,,,,,,,,,,,,,,,,,,,,,,,,,,,,,,,,,,,,,,,,,,,,,,,,,,,,,,,,,,,,,,,,,,,,,,,,,,,,,,,,,,,,,
,Vail Commons,Deli: Red Onions,-1,L;D,Y,Y,N,N,N,onion,red (red onion),,,,,,,,,,,,,,,,,,,,,,,,,,,,,,,,,,,,,,,,,,,,,,,,,,,,,,,,,,,,,,,,,,,,,,,,,,,,,,,,,,,,,,,,,,
,Vail Commons,Deli: Sliced Tomatoes,-1,L;D,Y,Y,N,N,N,tomato - roma - sliced,,,,,,,,,,,,,,,,,,,,,,,,,,,,,,,,,,,,,,,,,,,,,,,,,,,,,,,,,,,,,,,,,,,,,,,,,,,,,,,,,,,,,,,,,,,
,Vail Commons,Deli: Chickpea Hummus,-1,L;D,Y,Y,N,N,N,beans - garbanzo - canned,sesame tahini paste (sesame),juice - lemon,chopped garlic (garlic,water,and citric acid),parsley - curly,,,,,,,,,,,,,,,,,,,,,,,,,,,,,,,,,,,,,,,,,,,,,,,,,,,,,,,,,,,,,,,,,,,,,,,,,,,,,,,,,,,,,
,Vail Commons,Artisan Flats: Stonefire Flat Bread,-1,L;D,N,Y,Y,T,T,enriched wheat flour wheat flour,niacin,reduced iron,ascorbic acid added as dough conditioner,thiamine mononitrate,riboflavin,enzyme,folic acid,water,soybean and/or canola oil,cultured wheat flour,salt,sugar,dried sourdough wheat flour,rye flour,yeast,ascorbic acid,amylase,xylanase,vegetable mono- and diglycerides,inactive yeast,extra virgin olive oil,durum wheat semolina. ,,,,,,,,,,,,,,,,,,,,,,,,,,,,,,,,,,,,,,,,,,,,,,,,,,,,,,,,,,,,,,,,,,,,,
,Vail Commons,Artisan Flats: Pineapple Chunks,-1,L;D,Y,Y,N,N,N,pineapple - canned - tidbits - in juice (pineapple,pineapple juice and citric acid,,,,,,,,,,,,,,,,,,,,,,,,,,,,,,,,,,,,,,,,,,,,,,,,,,,,,,,,,,,,,,,,,,,,,,,,,,,,,,,,,,,,,,,,,,
,Vail Commons,Artisan Flats: Red Onions,-1,L;D,Y,Y,N,N,N,red onion,,,,,,,,,,,,,,,,,,,,,,,,,,,,,,,,,,,,,,,,,,,,,,,,,,,,,,,,,,,,,,,,,,,,,,,,,,,,,,,,,,,,,,,,,,,
,Vail Commons,Artisan Flats: Red & Green Pepper,-1,L;D,Y,Y,N,N,N,pepper,green,red,,,,,,,,,,,,,,,,,,,,,,,,,,,,,,,,,,,,,,,,,,,,,,,,,,,,,,,,,,,,,,,,,,,,,,,,,,,,,,,,,,,,,,,,,
,Vail Commons,Artisan Flats: Pulled Chicken,-1,L;D,N,N,N,N,N,boneless,skinless dark and white chicken,water,contains 2 or less of the following: maltodextrin,natural flavors,rice starch,vinegar,yeast extract,,,,,,,,,,,,,,,,,,,,,,,,,,,,,,,,,,,,,,,,,,,,,,,,,,,,,,,,,,,,,,,,,,,,,,,,,,,,,,,,,,,,
,Vail Commons,Artisan Flats: Banana Peppers,-1,L;D,Y,Y,N,N,N,sliced banana peppers,,,,,,,,,,,,,,,,,,,,,,,,,,,,,,,,,,,,,,,,,,,,,,,,,,,,,,,,,,,,,,,,,,,,,,,,,,,,,,,,,,,,,,,,,,,
,Vail Commons,Artisan Flats: Pepperoni,-1,L;D,N,N,N,N,N,pork and beef,salt,spices,dextrose,lactic acid starter culture,oleoresin of paprika,flavoring,sodium nitrite,bha,bht,citric acid,,,,,,,,,,,,,,,,,,,,,,,,,,,,,,,,,,,,,,,,,,,,,,,,,,,,,,,,,,,,,,,,,,,,,,,,,,,,,,,,,
,Vail Commons,Artisan Flats: Mozzarella Cheese,-1,L;D,Y,N,N,Y,N,low moisture mozzarella cheese (pasteurized milk,cheese cultures,salt,enzymes),potato starch,corn starch and powdered cellulose (to prevent caking),natamycin (a natural mold inhibitor),,,,,,,,,,,,,,,,,,,,,,,,,,,,,,,,,,,,,,,,,,,,,,,,,,,,,,,,,,,,,,,,,,,,,,,,,,,,,,,,,,,,,
,Vail Commons,Artisan Flats: Pizza Sauce,-1,L;D,Y,Y,N,N,N,tomato puree water,tomato paste,less than 2 of: salt,dried onions,extra virgin olive oil,crushed garlic,dried basil,black pepper,dried oregano,citric acid. naturally derived,,,,,,,,,,,,,,,,,,,,,,,,,,,,,,,,,,,,,,,,,,,,,,,,,,,,,,,,,,,,,,,,,,,,,,,,,,,,,,,,,,
,Vail Commons,Artisan Flats: Vegan Sausage Crumbles,-1,L;D,Y,Y,Y,N,N,water,canola oil,textured pea protein (pea protein,pea fiber),sustainable palm oil,wheat gluten,contains 2% or less of: fennel seeds,parsley,marjoram,oregano,black pepper,spices,salt,methylcellulose,sugar,yeast extract,natural flavors,onion*,tomato*,garlic*,vegetable juice (color),paprika (color),rosemary extract. * dehydrated,,,,,,,,,,,,,,,,,,,,,,,,,,,,,,,,,,,,,,,,,,,,,,,,,,,,,,,,,,,,,,,,,,,,,
,Vail Commons,Artisan Flats: Diced Ham,-1,L;D,N,N,N,N,N,diced ham,,,,,,,,,,,,,,,,,,,,,,,,,,,,,,,,,,,,,,,,,,,,,,,,,,,,,,,,,,,,,,,,,,,,,,,,,,,,,,,,,,,,,,,,,,,
,Vail Commons,Artisan Flats: Kens BBQ Sauce,-1,L;D,Y,Y,N,N,N,water,distilled vinegar,high fructose corn syrup,tomato paste,sugar,salt,modified potato starch,contains less than 2 of mustard seed,natural smoke flavor,paprika,caramel color,spice,garlic,sodium benzoate preservative,mustard flour,onion,oleoresin paprika color,chili powder chili pepper,garlic. dried,,,,,,,,,,,,,,,,,,,,,,,,,,,,,,,,,,,,,,,,,,,,,,,,,,,,,,,,,,,,,,,,,,,,,,,,,
,Vail Commons,Artisan Flats: Basil Pesto w/o Nuts,-1,L;D,N,Y,N,Y,N,basil,soy oil,pecorino romano cheese (pasteurized sheep''s milk,cultures,enzymes,salt,corn starch and powdered cellulose),water,olive oil,parmesan cheese (pasteurized part-skim cow''s milk,cheese cultures,powdered cellulose),minced garlic,salt and black pepper,,,,,,,,,,,,,,,,,,,,,,,,,,,,,,,,,,,,,,,,,,,,,,,,,,,,,,,,,,,,,,,,,,,,,,,,,,,,,,
,Vail Commons,Artisan Flats: Sliced Mushrooms,-1,L;D,Y,Y,N,N,N, mushroom sliced 1/4",,,,,,,,,,,,,,,,,,,,,,,,,,,,,,,,,,,,,,,,,,,,,,,,,,,,,,,,,,,,,,,,,,,,,,,,,,,,,,,,,,,,,,,,,,,
,Vail Commons,Salad Bar: Cage Free Hard Boiled Egg,-1,L;D,N,Y,Y,N,Y,eggs,,,,,,,,,,,,,,,,,,,,,,,,,,,,,,,,,,,,,,,,,,,,,,,,,,,,,,,,,,,,,,,,,,,,,,,,,,,,,,,,,,,,,,,,,,,
,Vail Commons,Salad Bar: Baby Carrots,-1,L;D,Y,Y,N,N,N,baby carrots,,,,,,,,,,,,,,,,,,,,,,,,,,,,,,,,,,,,,,,,,,,,,,,,,,,,,,,,,,,,,,,,,,,,,,,,,,,,,,,,,,,,,,,,,,,
,Vail Commons,Salad Bar: Broccoli Florets ,-1,L;D,Y,Y,N,N,N,fresh broccoli,,,,,,,,,,,,,,,,,,,,,,,,,,,,,,,,,,,,,,,,,,,,,,,,,,,,,,,,,,,,,,,,,,,,,,,,,,,,,,,,,,,,,,,,,,,
,Vail Commons,Salad Bar: Tuscan Roasted Cauliflower,-1,L;D,Y,Y,N,N,N,cauliflower - florets,oil - olive - extra virgin,garlic - granulated,salt - kosher (morton coarse),basil - dried,crushed red pepper flakes,fennel seed - whole,oregano - dried,marjoram - dried - whole leaf,rosemary - dried,,,,,,,,,,,,,,,,,,,,,,,,,,,,,,,,,,,,,,,,,,,,,,,,,,,,,,,,,,,,,,,,,,,,,,,,,,,,,,,,,,
,Vail Commons,Salad Bar: Sliced Apples,-1,L;D,Y,Y,N,N,N,apple-gala sliced (apple),,,,,,,,,,,,,,,,,,,,,,,,,,,,,,,,,,,,,,,,,,,,,,,,,,,,,,,,,,,,,,,,,,,,,,,,,,,,,,,,,,,,,,,,,,,
,Vail Commons,Salad Bar: Pineapple Chunks,-1,L;D,Y,Y,N,N,N,pineapple - canned - tidbits - in juice (pineapple,pineapple juice and citric acid.),,,,,,,,,,,,,,,,,,,,,,,,,,,,,,,,,,,,,,,,,,,,,,,,,,,,,,,,,,,,,,,,,,,,,,,,,,,,,,,,,,,,,,,,,,
,Vail Commons,Salad Bar: Spring Mix Lettuce,-1,L;D,Y,Y,N,N,N,lettuce,spring mix,,,,,,,,,,,,,,,,,,,,,,,,,,,,,,,,,,,,,,,,,,,,,,,,,,,,,,,,,,,,,,,,,,,,,,,,,,,,,,,,,,,,,,,,,,
,Vail Commons,Salad Bar: Red Onions,-1,L;D,Y,Y,N,N,N,onion,red (red onion),,,,,,,,,,,,,,,,,,,,,,,,,,,,,,,,,,,,,,,,,,,,,,,,,,,,,,,,,,,,,,,,,,,,,,,,,,,,,,,,,,,,,,,,,,
,Vail Commons,Salad Bar: Cucumber,-1,L;D,Y,Y,N,N,N,cucumber - sliced,,,,,,,,,,,,,,,,,,,,,,,,,,,,,,,,,,,,,,,,,,,,,,,,,,,,,,,,,,,,,,,,,,,,,,,,,,,,,,,,,,,,,,,,,,,
,Vail Commons,Salad Bar: Red & Green Pepper,-1,L;D,Y,Y,N,N,N,pepper,green,red,,,,,,,,,,,,,,,,,,,,,,,,,,,,,,,,,,,,,,,,,,,,,,,,,,,,,,,,,,,,,,,,,,,,,,,,,,,,,,,,,,,,,,,,,
,Vail Commons,Salad Bar: Whole Pepperoncini ,-1,L;D,Y,Y,N,N,N,pepperoncini,water,distilled vinegar,salt,citric acid,sodium metabisulfite (as a preservative),sodium benzoate (to preserve color),turmeric,,,,,,,,,,,,,,,,,,,,,,,,,,,,,,,,,,,,,,,,,,,,,,,,,,,,,,,,,,,,,,,,,,,,,,,,,,,,,,,,,,,,
,Vail Commons,Salad Bar: Feta Cheese Crumbles,-1,L;D,N,Y,N,N,Y,feta cheese (cultured pasteurized part-skim milk,salt,enzymes),potato starch and powdered cellulose added to prevent caking,natamycin added to maintain freshness,,,,,,,,,,,,,,,,,,,,,,,,,,,,,,,,,,,,,,,,,,,,,,,,,,,,,,,,,,,,,,,,,,,,,,,,,,,,,,,,,,,,,,,
,Vail Commons,Salad Bar: Chopped Romaine Lettuce,-1,L;D,Y,Y,N,N,N,lettuce - romaine - chopped,,,,,,,,,,,,,,,,,,,,,,,,,,,,,,,,,,,,,,,,,,,,,,,,,,,,,,,,,,,,,,,,,,,,,,,,,,,,,,,,,,,,,,,,,,,
,Vail Commons,Salad Bar: Fresh Spinach,-1,L;D,Y,Y,N,N,N,baby spinach,,,,,,,,,,,,,,,,,,,,,,,,,,,,,,,,,,,,,,,,,,,,,,,,,,,,,,,,,,,,,,,,,,,,,,,,,,,,,,,,,,,,,,,,,,,
,Vail Commons,Salad Bar: Shredded Carrots,-1,L;D,Y,Y,N,N,N,matchsticks carrot,,,,,,,,,,,,,,,,,,,,,,,,,,,,,,,,,,,,,,,,,,,,,,,,,,,,,,,,,,,,,,,,,,,,,,,,,,,,,,,,,,,,,,,,,,,
,Vail Commons,Salad Bar: Grape Tomatoes,-1,L;D,Y,Y,N,N,N,grape tomatoes,,,,,,,,,,,,,,,,,,,,,,,,,,,,,,,,,,,,,,,,,,,,,,,,,,,,,,,,,,,,,,,,,,,,,,,,,,,,,,,,,,,,,,,,,,,
,Vail Commons,Salad Bar: Cantaloupe,-1,L;D,Y,Y,N,N,N,melon - cantaloupe - cubed,,,,,,,,,,,,,,,,,,,,,,,,,,,,,,,,,,,,,,,,,,,,,,,,,,,,,,,,,,,,,,,,,,,,,,,,,,,,,,,,,,,,,,,,,,,
,Vail Commons,Salad Bar: Honey Dew Melon,-1,L;D,Y,Y,N,N,N,melon - honeydew,,,,,,,,,,,,,,,,,,,,,,,,,,,,,,,,,,,,,,,,,,,,,,,,,,,,,,,,,,,,,,,,,,,,,,,,,,,,,,,,,,,,,,,,,,,
,Vail Commons,Salad Bar: Sliced Mushrooms ,-1,L;D,Y,Y,N,N,N,mushrooms - crimini - sliced,,,,,,,,,,,,,,,,,,,,,,,,,,,,,,,,,,,,,,,,,,,,,,,,,,,,,,,,,,,,,,,,,,,,,,,,,,,,,,,,,,,,,,,,,,,
,Vail Commons,Salad Bar: Grilled Chicken ,-1,L;D,N,N,N,N,N,chicken - breast - bnls/skls 4 oz,dressing - italian (ingredients: water,vinegar,soybean oil,sugar,salt,contains less than 2% of garlic*,xanthan gum,spice,onions*,red bell peppers*,paprika,beta-carotene (color),potassium sorbate and calcium disodium edta (to protect flavor) *dried,,,,,,,,,,,,,,,,,,,,,,,,,,,,,,,,,,,,,,,,,,,,,,,,,,,,,,,,,,,,,,,,,,,,,,,,,,,,,,
,Vail Commons,Salad Bar: Grilled Salmon ,-1,L;D,N,N,N,N,N,salmon fillet 4 oz,pink and/or keta salmon,water,sea salt,sugar,sodium phosphate,dehydrated garlic and onion,spices,paprika,xanthan gum,natural flavors,spice extractives. contains fish pink and/or keta salmon,oil - olive - extra virgin,,,,,,,,,,,,,,,,,,,,,,,,,,,,,,,,,,,,,,,,,,,,,,,,,,,,,,,,,,,,,,,,,,,,,,,,,,,,,,,
,Vail Commons,Salad Bar: Diced Ham ,-1,L;D,N,N,N,N,N,deli ham cured with: water,dextrose,distilled vinegar,contains 2 or less: salt,potassium chloride,sodium phosphate,sodium erythorbate,sodium nitrite,,,,,,,,,,,,,,,,,,,,,,,,,,,,,,,,,,,,,,,,,,,,,,,,,,,,,,,,,,,,,,,,,,,,,,,,,,,,,,,,,,,,
,Vail Commons,Salad Bar: Pickled Red Cabbage,-1,L;D,Y,Y,N,N,N,shredded red cabbage,water,vinegar - rice wine (rice wine vinegar diluted with water to 4.5 acidity,sugar,salt,potassium metabisulfite preservative,caramel color. contains sulfites.),salt - kosher (morton coarse),sugar - granulated,,,,,,,,,,,,,,,,,,,,,,,,,,,,,,,,,,,,,,,,,,,,,,,,,,,,,,,,,,,,,,,,,,,,,,,,,,,,,,,,,,,
,Vail Commons,Salad Bar: Ranch Dressing,-1,L;D,Y,N,N,Y,Y,buttermilk (cultured nonfat milk,cornstarch,salt,vitamin a palmitate,vitamin d3.) (dairy),mayonnaise (soybean oil,distilled vinegar,egg yolk,high fructose corn syrup,contains less than 2 of salt,water,mustard seed,calcium disodium edta to protect flavor. contains egg) (eggs,soy),buttermilk ranch (salt,monosodium glutamate,maltodextrin,dehydrated parsley,garlic powder,onion powder,canola oil,carrageenan,buttermilk product,turmeric (color),with not more than 2% calcium stearate added as an anti-caking agent. contains milk.),,,,,,,,,,,,,,,,,,,,,,,,,,,,,,,,,,,,,,,,,,,,,,,,,,,,,,,,,,,,,,,,,,,
,Vail Commons,Salad Bar: Honey Mustard Dressing,-1,L;D,Y,N,N,N,Y,mayonnaise (soybean oil,distilled vinegar,egg yolk,high fructose corn syrup,contains less than 2 of salt,water,mustard seed,calcium disodium edta to protect flavor. contains egg) (eggs,soy),honey,canola oil (canola oil with tbhq to help protect flavor. dimethylpolysiloxane,an antifoaming agent,added),sauce - mustard-yellow,vinegar - distilled - 5%,onion powder,cayenne pepper,,,,,,,,,,,,,,,,,,,,,,,,,,,,,,,,,,,,,,,,,,,,,,,,,,,,,,,,,,,,,,,,,,,,,,,,,,,
,Vail Commons,Salad Bar: Marinated Mozzarella Balls,-1,L;D,Y,N,N,Y,N,cheese - mozzarella - fresh - cilingine (pasteurized milk,vinegar,salt,enzymes. contains: milk.) (dairy),oil - olive,basil - fresh,salt - kosher (morton coarse),,,,,,,,,,,,,,,,,,,,,,,,,,,,,,,,,,,,,,,,,,,,,,,,,,,,,,,,,,,,,,,,,,,,,,,,,,,,,,,,,,,,,
,Vail Commons,Salad Bar: Pickled Red Onions,-1,L;D,Y,Y,N,N,N,pickled red onions (red onions,vinegar,water,apple cider vinegar,sugar,salt,calcium chloride,sodium benzoate (preservative),organic fruit and vegetable juice (color)),,,,,,,,,,,,,,,,,,,,,,,,,,,,,,,,,,,,,,,,,,,,,,,,,,,,,,,,,,,,,,,,,,,,,,,,,,,,,,,,,,,
,Vail Commons,Salad Bar: Pickled Giardiniera ,-1,L;D,Y,Y,N,N,N,water,cauliflower,cucumbers,carrots,celery,vinegar,salt,red peppers,onions,calcium chloride,sodium benzoate (preservatives),sodium metabulsifite (preservative),,,,,,,,,,,,,,,,,,,,,,,,,,,,,,,,,,,,,,,,,,,,,,,,,,,,,,,,,,,,,,,,,,,,,,,,,,,,,,,,
,Vail Commons,Salad Bar: Cottage Cheese ,-1,L;D,N,Y,N,Y,N,cultured nonfat milk,milk,nonfat milk,contains less than 2% of: whey (milk),salt,maltodextrin,guar gum,citric acid,carrageenan,mono and diglycerides,locust bean gum,natural flavor,potassium sorbate and carbon dioxide (to protect freshness),vitamin a palmitate,enzyme,,,,,,,,,,,,,,,,,,,,,,,,,,,,,,,,,,,,,,,,,,,,,,,,,,,,,,,,,,,,,,,,,,,,,,,,,,,,,
,Vail Commons,Yogurt Bar: Strawberry Greek Yogurt ,-1,L;D,N,Y,N,Y,N,cultured nonfat milk,cane sugar,strawberries,water,natural flavors,fruit pectin,locust bean gum,fruit and vegetable juice concentrate for color,guar gum,lemon juice concentrate.6 live and active cultures: s. thermophilus,l. bulgaricus,l. acidophilus,bifidus,l. casei,and l. rhamnosus,,,,,,,,,,,,,,,,,,,,,,,,,,,,,,,,,,,,,,,,,,,,,,,,,,,,,,,,,,,,,,,,,,,,,,,,,,,,,
,Vail Commons,Yogurt Bar: Vanilla Greek Yogurt ,-1,L;D,N,Y,N,Y,N,cultured nonfat milk,cane sugar,water,fruit pectin,natural flavors,guar gum,lemon juice concentrate,vanilla extract.6 live and active cultures: s. thermophilus,l. bulgaricus,l. acidophilus,bifidus,l. casei,and l. rhamnosus,,,,,,,,,,,,,,,,,,,,,,,,,,,,,,,,,,,,,,,,,,,,,,,,,,,,,,,,,,,,,,,,,,,,,,,,,,,,,,,
,Vail Commons,Yogurt Bar: Plain Greek Yogurt ,-1,L;D,N,Y,N,Y,N,cultured milk.6 live and active cultures: s. thermophilus,l. bulgaricus,l. acidophilus,bifidus,l. casei,and l. rhamnosus,,,,,,,,,,,,,,,,,,,,,,,,,,,,,,,,,,,,,,,,,,,,,,,,,,,,,,,,,,,,,,,,,,,,,,,,,,,,,,,,,,,,,,
,Vail Commons,Yogurt Bar: Oat n Honey Granola ,-1,L;D,Y,Y,N,N,N,oats,honey,,,,,,,,,,,,,,,,,,,,,,,,,,,,,,,,,,,,,,,,,,,,,,,,,,,,,,,,,,,,,,,,,,,,,,,,,,,,,,,,,,,,,,,,,,
,Vail Commons,Yogurt Bar: Chocolate Chips ,-1,L;D,N,Y,N,Y,N,sugar,chocolate,cocoa buter,milkfat,soy lecithein,natural flavors,milk,,,,,,,,,,,,,,,,,,,,,,,,,,,,,,,,,,,,,,,,,,,,,,,,,,,,,,,,,,,,,,,,,,,,,,,,,,,,,,,,,,,,,
,Vail Commons,Yogurt Bar: Craisins ,-1,L;D,Y,Y,N,N,N,dried cranberries,,,,,,,,,,,,,,,,,,,,,,,,,,,,,,,,,,,,,,,,,,,,,,,,,,,,,,,,,,,,,,,,,,,,,,,,,,,,,,,,,,,,,,,,,,,
,Vail Commons,Yogurt Bar: Rainbow Sprinkles,-1,L;D,Y,Y,N,N,N,rainbow colored sprinkles,,,,,,,,,,,,,,,,,,,,,,,,,,,,,,,,,,,,,,,,,,,,,,,,,,,,,,,,,,,,,,,,,,,,,,,,,,,,,,,,,,,,,,,,,,,
,Vail Commons,Yogurt Bar: Pineapple Tidbits,-1,L;D,Y,Y,N,N,N,pineapple - canned - tidbits - in juice (pineapple,pineapple juice and citric acid.),,,,,,,,,,,,,,,,,,,,,,,,,,,,,,,,,,,,,,,,,,,,,,,,,,,,,,,,,,,,,,,,,,,,,,,,,,,,,,,,,,,,,,,,,,
,Vail Commons,Yogurt Bar: Mango Cubes ,-1,L;D,Y,Y,N,N,N,mango cube 3/8 frozen (mango),,,,,,,,,,,,,,,,,,,,,,,,,,,,,,,,,,,,,,,,,,,,,,,,,,,,,,,,,,,,,,,,,,,,,,,,,,,,,,,,,,,,,,,,,,,
,Vail Commons,Yogurt Bar: M&M,-1,L;D,NULL,N,N,Y,N,sugar,chocolate,skim milk,cocoa butter,lactose,milkfat,soy lecithin,salt,artificial and natural flavors),cornstarch,less than 1% - corn syrup,dextrin,coloring (includes blue 2 lake,blue 1 lake,yellow 5,yellow 6,yellow 6 lake,red 40,red 40 lake,blue 1,yellow 5 lake,blue 2),carnauba wax,gum acacia.kosher logo,,,,,,,,,,,,,,,,,,,,,,,,,,,,,,,,,,,,,,,,,,,,,,,,,,,,,,,,,,,,,,,,,,,,
,Vail Commons,Yogurt Bar: Mandarin Oranges,-1,L;D,Y,Y,N,N,N,mandarin oranges (mandarin oranges,water,sugar,citric acid),,,,,,,,,,,,,,,,,,,,,,,,,,,,,,,,,,,,,,,,,,,,,,,,,,,,,,,,,,,,,,,,,,,,,,,,,,,,,,,,,,,,,,,,
,Vail Commons,Yogurt Bar: Oreo Crumble,-1,L;D,NULL,NULL,Y,NULL,N,unbleached enriched flour (wheat flour,niacin,reduced iron,thiamine mononitrate {vitamin b1},riboflavin {vitamin b2},folic acid),sugar,palm and/or canola oil,cocoa (processed with alkali),high fructose corn syrup,leavening (baking soda and/or calcium phosphate),cornstarch,salt,soy lecithin,vanillin - an artificial flavor,chocolate,,,,,,,,,,,,,,,,,,,,,,,,,,,,,,,,,,,,,,,,,,,,,,,,,,,,,,,,,,,,,,,,,,,,,,,,,,,,
,Vail Commons,Yogurt Bar: Vegan Coconut Vanilla Yogurt ,-1,L;D,Y,Y,N,N,N,cultured coconut base (water,coconut cream,cane sugar,modified food starch,natural flavor,malic acid,potassium sorbate added to maintain freshness,,,,,,,,,,,,,,,,,,,,,,,,,,,,,,,,,,,,,,,,,,,,,,,,,,,,,,,,,,,,,,,,,,,,,,,,,,,,,,,,,,,,,
,Vail Commons,Yogurt Bar: Diced Peaches ,-1,L;D,Y,Y,N,N,N,peaches,water,sugar,citric acid,,,,,,,,,,,,,,,,,,,,,,,,,,,,,,,,,,,,,,,,,,,,,,,,,,,,,,,,,,,,,,,,,,,,,,,,,,,,,,,,,,,,,,,,
,Vail Commons,Yogurt Bar: Frozen Blueberries ,-1,L;D,Y,Y,N,N,N,blueberry frozen (blueberries),,,,,,,,,,,,,,,,,,,,,,,,,,,,,,,,,,,,,,,,,,,,,,,,,,,,,,,,,,,,,,,,,,,,,,,,,,,,,,,,,,,,,,,,,,,
,Vail Commons,Yogurt Bar: Diced Strawberries ,-1,L;D,Y,Y,N,N,N,strawberry diced (strawberries),,,,,,,,,,,,,,,,,,,,,,,,,,,,,,,,,,,,,,,,,,,,,,,,,,,,,,,,,,,,,,,,,,,,,,,,,,,,,,,,,,,,,,,,,,,
,Vail Commons,Yogurt Bar: Shredded Sweetened Coconut,-1,L;D,Y,Y,N,N,N,desiccated coconut,sugar,water,propylene glycol preserves freshness,salt,sodium metabisulfite preserves whiteness,,,,,,,,,,,,,,,,,,,,,,,,,,,,,,,,,,,,,,,,,,,,,,,,,,,,,,,,,,,,,,,,,,,,,,,,,,,,,,,,,,,,,,
,Wildcat Den,BLT Sandwich,6.49,L,N,N,C,NULL,NULL,bacon,lettuce,tomato,mayo on wheat bread toasted in the sandwich press,,,,,,,,,,,,,,,,,,,,,,,,,,,,,,,,,,,,,,,,,,,,,,,,,,,,,,,,,,,,,,,,,,,,,,,,,,,,,,,,,,,,,,,,
,Wildcat Den,Beggwich Sandwich,8.99,L,N,N,C,NULL,NULL,fried egg,ham,cheddar cheese,spinach,cholula hot sauce on an everything bagel,,,,,,,,,,,,,,,,,,,,,,,,,,,,,,,,,,,,,,,,,,,,,,,,,,,,,,,,,,,,,,,,,,,,,,,,,,,,,,,,,,,,,,,
,Wildcat Den,Hammy Sandwich,9.09,L,N,N,C,NULL,NULL,smoked ham,muenster cheese,lettuce,tomato,honey mustard on a brioche twist roll,,,,,,,,,,,,,,,,,,,,,,,,,,,,,,,,,,,,,,,,,,,,,,,,,,,,,,,,,,,,,,,,,,,,,,,,,,,,,,,,,,,,,,,
,Wildcat Den,Cat Club,9.29,L,N,N,C,NULL,NULL,oven gold turkey,bacon,swiss,lettuce,tomato,mayo on a brioche twist roll,,,,,,,,,,,,,,,,,,,,,,,,,,,,,,,,,,,,,,,,,,,,,,,,,,,,,,,,,,,,,,,,,,,,,,,,,,,,,,,,,,,,,,
,Wildcat Den,Torpedo Sandwich,9.99,L,N,N,C,NULL,NULL,ham,salami,pepperoni,provolone cheese,mayo,lettuce,tomato,banana peppers,red wine vinaigrette on a hoagie roll,,,,,,,,,,,,,,,,,,,,,,,,,,,,,,,,,,,,,,,,,,,,,,,,,,,,,,,,,,,,,,,,,,,,,,,,,,,,,,,,,,,
,Wildcat Den,Turkey & Avocado Sandwich,9.99,L,N,N,C,NULL,NULL,oven gold turkey,avocado,muenster cheese,lettuce,tomato,herb aioli on a multigrain ciabatta roll,,,,,,,,,,,,,,,,,,,,,,,,,,,,,,,,,,,,,,,,,,,,,,,,,,,,,,,,,,,,,,,,,,,,,,,,,,,,,,,,,,,,,,
,Wildcat Den,Roast Beef Sandwich,10.99,L,N,N,C,NULL,NULL,sliced roast beef,provolone,red onion,tomato,lettuce,horseradish sauce on a focaccia ciabatta roll,,,,,,,,,,,,,,,,,,,,,,,,,,,,,,,,,,,,,,,,,,,,,,,,,,,,,,,,,,,,,,,,,,,,,,,,,,,,,,,,,,,,,,
,Wildcat Den,Southwestern Chicken Wrap,9.29,L,N,N,C,NULL,NULL,grilled chicken,black beans,corn,salsa,cheddar cheese,lettuce,chipotle ranch wrapped in a jalapeno tortilla,,,,,,,,,,,,,,,,,,,,,,,,,,,,,,,,,,,,,,,,,,,,,,,,,,,,,,,,,,,,,,,,,,,,,,,,,,,,,,,,,,,,,
,Wildcat Den,Southwestern Chicken Salad,8.79,L,N,N,N,NULL,NULL,grilled chicken,black beans,corn,salsa,cheddar cheese,lettuce,chipotle ranch on the side,,,,,,,,,,,,,,,,,,,,,,,,,,,,,,,,,,,,,,,,,,,,,,,,,,,,,,,,,,,,,,,,,,,,,,,,,,,,,,,,,,,,,
,Wildcat Den,SBR,4.99,L,Y,Y,C,NULL,NULL,sunflower seed bread with sun butter and raspberry preserves,,,,,,,,,,,,,,,,,,,,,,,,,,,,,,,,,,,,,,,,,,,,,,,,,,,,,,,,,,,,,,,,,,,,,,,,,,,,,,,,,,,,,,,,,,,
,Wildcat Den,Grilled Cheese,5.09,L,N,Y,C,NULL,NULL,cheddar cheese on wheat bread toasted in sandwich press,,,,,,,,,,,,,,,,,,,,,,,,,,,,,,,,,,,,,,,,,,,,,,,,,,,,,,,,,,,,,,,,,,,,,,,,,,,,,,,,,,,,,,,,,,,
,Wildcat Den,Caprese,8.99,L,N,Y,C,NULL,NULL,fresh mozzarella,basil pesto,tomatoes,balsamic glaze on a shepard sub roll,,,,,,,,,,,,,,,,,,,,,,,,,,,,,,,,,,,,,,,,,,,,,,,,,,,,,,,,,,,,,,,,,,,,,,,,,,,,,,,,,,,,,,,,
,Wildcat Den,Pesto & Hummus,8.99,L,N,Y,C,NULL,NULL,hummus,basil pesto,fresh spinach,cucumber,red onion,carrots,tomato,balsamic glaze on a multigrain ciabatta roll,,,,,,,,,,,,,,,,,,,,,,,,,,,,,,,,,,,,,,,,,,,,,,,,,,,,,,,,,,,,,,,,,,,,,,,,,,,,,,,,,,,,
,Wildcat Den,Funky Falafel Wrap,8.59,L,C,Y,C,NULL,NULL,falafels,tahini,hummus,cucumbers,red onion,tomato,lettuce,in a spinach wrap,tzatziki on the side,,,,,,,,,,,,,,,,,,,,,,,,,,,,,,,,,,,,,,,,,,,,,,,,,,,,,,,,,,,,,,,,,,,,,,,,,,,,,,,,,,,
,Wildcat Den,Baked Potato Side Salad,2.49,L,N,N,N,NULL,NULL,potato salad,sour cream,mayo,chives,bacon,,,,,,,,,,,,,,,,,,,,,,,,,,,,,,,,,,,,,,,,,,,,,,,,,,,,,,,,,,,,,,,,,,,,,,,,,,,,,,,,,,,,,,,
,Wildcat Den,Quinoa Side Salad,3.49,L,Y,Y,N,NULL,NULL,blend of red & white quinoa,edamame,chickpeas,kale,lemon vinaigrette on the side,,,,,,,,,,,,,,,,,,,,,,,,,,,,,,,,,,,,,,,,,,,,,,,,,,,,,,,,,,,,,,,,,,,,,,,,,,,,,,,,,,,,,,,
,Wildcat Den,Tomato Soup,2.19,L,N,Y,N,NULL,NULL,served with crackers,,,,,,,,,,,,,,,,,,,,,,,,,,,,,,,,,,,,,,,,,,,,,,,,,,,,,,,,,,,,,,,,,,,,,,,,,,,,,,,,,,,,,,,,,,,
,Wildcat Den,Chips,1.89,L,N,N,N,NULL,NULL,,,,,,,,,,,,,,,,,,,,,,,,,,,,,,,,,,,,,,,,,,,,,,,,,,,,,,,,,,,,,,,,,,,,,,,,,,,,,,,,,,,,,,,,,,,,
,Wildcat Den,Apple Slices & Peanut Butter,3.49,L,Y,Y,N,NULL,NULL,,,,,,,,,,,,,,,,,,,,,,,,,,,,,,,,,,,,,,,,,,,,,,,,,,,,,,,,,,,,,,,,,,,,,,,,,,,,,,,,,,,,,,,,,,,,
,Wildcat Den,Den-Ergy Bites,2.89,L,N,Y,N,NULL,NULL,snack bites made with sunbutter,oatmeal,coconut,flax seed,chia seed,honey,chocolate chips,,,,,,,,,,,,,,,,,,,,,,,,,,,,,,,,,,,,,,,,,,,,,,,,,,,,,,,,,,,,,,,,,,,,,,,,,,,,,,,,,,,,,
,Wildcat Den,Cold Brew Coffee,3.89,L,N,N,NULL,NULL,NULL,flavors ax,vailable,half & half or oat milk,,,,,,,,,,,,,,,,,,,,,,,,,,,,,,,,,,,,,,,,,,,,,,,,,,,,,,,,,,,,,,,,,,,,,,,,,,,,,,,,,,,,,,,,,
,Wildcat Den,Iced Chai Latte,3.89,L,N,N,NULL,NULL,NULL,,,,,,,,,,,,,,,,,,,,,,,,,,,,,,,,,,,,,,,,,,,,,,,,,,,,,,,,,,,,,,,,,,,,,,,,,,,,,,,,,,,,,,,,,,,,
,Wildcat Den,Peach Mango Refresher,3.89,L,N,N,NULL,NULL,NULL,,,,,,,,,,,,,,,,,,,,,,,,,,,,,,,,,,,,,,,,,,,,,,,,,,,,,,,,,,,,,,,,,,,,,,,,,,,,,,,,,,,,,,,,,,,,
,Wildcat Den,Smoothie,5.89,L,N,Y,NULL,NULL,NULL,blueberries,bananas,yogurt,,,,,,,,,,,,,,,,,,,,,,,,,,,,,,,,,,,,,,,,,,,,,,,,,,,,,,,,,,,,,,,,,,,,,,,,,,,,,,,,,,,,,,,,,
,Wildcat Den,Fountain Drink,2.29,L,N,N,NULL,NULL,NULL,pepsi,diet pepsi,mountain dew,dr. pepper,gatorade fruit punch,gatorade orange,pink lemonade,,,,,,,,,,,,,,,,,,,,,,,,,,,,,,,,,,,,,,,,,,,,,,,,,,,,,,,,,,,,,,,,,,,,,,,,,,,,,,,,,,,,,
,Wildcat Den,Water Cup,0.59,L,Y,Y,NULL,NULL,NULL,,,,,,,,,,,,,,,,,,,,,,,,,,,,,,,,,,,,,,,,,,,,,,,,,,,,,,,,,,,,,,,,,,,,,,,,,,,,,,,,,,,,,,,,,,,,
